[{"model": "contenttypes.contenttype", "pk": 1, "fields": {"app_label": "admin", "model": "logentry"}}, {"model": "contenttypes.contenttype", "pk": 2, "fields": {"app_label": "auth", "model": "permission"}}, {"model": "contenttypes.contenttype", "pk": 3, "fields": {"app_label": "auth", "model": "group"}}, {"model": "contenttypes.contenttype", "pk": 4, "fields": {"app_label": "auth", "model": "user"}}, {"model": "contenttypes.contenttype", "pk": 5, "fields": {"app_label": "contenttypes", "model": "contenttype"}}, {"model": "contenttypes.contenttype", "pk": 6, "fields": {"app_label": "sessions", "model": "session"}}, {"model": "contenttypes.contenttype", "pk": 7, "fields": {"app_label": "app", "model": "area"}}, {"model": "contenttypes.contenttype", "pk": 8, "fields": {"app_label": "app", "model": "article"}}, {"model": "contenttypes.contenttype", "pk": 9, "fields": {"app_label": "app", "model": "city"}}, {"model": "contenttypes.contenttype", "pk": 10, "fields": {"app_label": "app", "model": "links"}}, {"model": "contenttypes.contenttype", "pk": 11, "fields": {"app_label": "app", "model": "others"}}, {"model": "contenttypes.contenttype", "pk": 12, "fields": {"app_label": "app", "model": "state"}}, {"model": "contenttypes.contenttype", "pk": 13, "fields": {"app_label": "app", "model": "type"}}, {"model": "contenttypes.contenttype", "pk": 14, "fields": {"app_label": "app", "model": "telecalldoctors"}}, {"model": "contenttypes.contenttype", "pk": 15, "fields": {"app_label": "app", "model": "paramedics"}}, {"model": "contenttypes.contenttype", "pk": 16, "fields": {"app_label": "app", "model": "doctor"}}, {"model": "contenttypes.contenttype", "pk": 17, "fields": {"app_label": "app", "model": "customer"}}, {"model": "contenttypes.contenttype", "pk": 18, "fields": {"app_label": "app", "model": "appointments"}}, {"model": "contenttypes.contenttype", "pk": 19, "fields": {"app_label": "app", "model": "paramedicbookings"}}, {"model": "contenttypes.contenttype", "pk": 20, "fields": {"app_label": "app", "model": "prescription"}}, {"model": "contenttypes.contenttype", "pk": 21, "fields": {"app_label": "app", "model": "terms"}}, {"model": "contenttypes.contenttype", "pk": 22, "fields": {"app_label": "app", "model": "medicine"}}, {"model": "sessions.session", "pk": "22jb6asedy0pfnuh1a028fv52kjhuwqk", "fields": {"session_data": "MDZmY2UwZTg0NDg1ZjhiMzczYThhMWEzZDZjZWM1ODMzNTRjMTQ0ODp7Il9hdXRoX3VzZXJfaWQiOiIxNCIsIl9hdXRoX3VzZXJfYmFja2VuZCI6ImRqYW5nby5jb250cmliLmF1dGguYmFja2VuZHMuTW9kZWxCYWNrZW5kIiwiX2F1dGhfdXNlcl9oYXNoIjoiNTdjYjBmYjdjNTM4YjQxNGMxNzdkZmE5NzZiOGJiY2IyN2JhOWNjNyJ9", "expire_date": "2020-08-06T09:54:46.859Z"}}, {"model": "sessions.session", "pk": "23tgvdnk7tku60qeqxcyj0z0o91me5tn", "fields": {"session_data": "ZTZiMzRhZGUyZjQxNDFiMzkxNmEyZmJmODU0ZmIzZWY2MzFjYzNjZjp7Il9hdXRoX3VzZXJfaWQiOiIxOCIsIl9hdXRoX3VzZXJfYmFja2VuZCI6ImRqYW5nby5jb250cmliLmF1dGguYmFja2VuZHMuTW9kZWxCYWNrZW5kIiwiX2F1dGhfdXNlcl9oYXNoIjoiNTg2NGFmNDU3YzIyODZjZjVhY2EyYmZkZmJhNTBlNjgxOGY2YTMxNCJ9", "expire_date": "2020-08-12T12:38:07.416Z"}}, {"model": "sessions.session", "pk": "2b89bgozvp8rblniy3dotslhg4qcqotg", "fields": {"session_data": "Zjg1OWEwYjE3ZmNhYzk5ZDc0MzkxNzJkYTRmZDBjNzRlOWQwNjNjZDp7Il9hdXRoX3VzZXJfaWQiOiIxOSIsIl9hdXRoX3VzZXJfYmFja2VuZCI6ImRqYW5nby5jb250cmliLmF1dGguYmFja2VuZHMuTW9kZWxCYWNrZW5kIiwiX2F1dGhfdXNlcl9oYXNoIjoiZDkzNDE5M2E5MGZmMWRkYmNhN2I1ZmUwNmQ3MDYzOWE5NWNiNDU1NiJ9", "expire_date": "2020-08-16T07:00:35.580Z"}}, {"model": "sessions.session", "pk": "2khe3k8acsuozxdcnw2uasnnxph95sbv", "fields": {"session_data": "YTZiMTdjNjQwODYwNWY0ZTBkZGQyYThiYmNmNmIwNDA3ZGFjNmM2Yjp7Il9hdXRoX3VzZXJfaWQiOiIxIiwiX2F1dGhfdXNlcl9iYWNrZW5kIjoiZGphbmdvLmNvbnRyaWIuYXV0aC5iYWNrZW5kcy5Nb2RlbEJhY2tlbmQiLCJfYXV0aF91c2VyX2hhc2giOiI0YWRmYmRhN2EyNmM4MzIzYmI0OWIzMmZhMWZjODBlODEwODE3MDM3In0=", "expire_date": "2020-08-15T06:58:22.088Z"}}, {"model": "sessions.session", "pk": "2z1pk4j4s1sfoeogjqnvkz4gxu4h9v8x", "fields": {"session_data": "M2VhNTJkOGFjMTAzYzFmZjA4ZDYzMzRmZGI0MjI2MGNlM2Y2OTcwODp7Il9hdXRoX3VzZXJfaWQiOiIxOCIsIl9hdXRoX3VzZXJfYmFja2VuZCI6ImRqYW5nby5jb250cmliLmF1dGguYmFja2VuZHMuTW9kZWxCYWNrZW5kIiwiX2F1dGhfdXNlcl9oYXNoIjoiNGQ3N2JiMDdiZjNmNThiYzQ1ZmU2Zjk2N2E2YzBmM2IxM2JlZWFjMiJ9", "expire_date": "2020-08-12T08:39:18.636Z"}}, {"model": "sessions.session", "pk": "393gmjxdscpszfbpznfe2h3sctlgnezx", "fields": {"session_data": "NjIxZTNjOGIxYmM3NmVhNWUxMzViYjdjMDJkZGE1ZmIyZmMzY2Q3Yzp7Il9hdXRoX3VzZXJfaWQiOiIxIiwiX2F1dGhfdXNlcl9iYWNrZW5kIjoiZGphbmdvLmNvbnRyaWIuYXV0aC5iYWNrZW5kcy5Nb2RlbEJhY2tlbmQiLCJfYXV0aF91c2VyX2hhc2giOiJmZDg1NmY3ZTMxMWJiODY3Y2U2NzAxYTMzZWFiNWM0NjM4MzlhOWY5In0=", "expire_date": "2020-08-12T21:28:58.187Z"}}, {"model": "sessions.session", "pk": "4unupdaxsa0iha7v5kniyi2swqdrv1kg", "fields": {"session_data": "ZGMyZTllZDFlOWMxZmJmYjUxNTIwYzY3NGFlMzZmMGQwMjZjZWY1ZTp7Il9hdXRoX3VzZXJfaWQiOiIxMSIsIl9hdXRoX3VzZXJfYmFja2VuZCI6ImRqYW5nby5jb250cmliLmF1dGguYmFja2VuZHMuTW9kZWxCYWNrZW5kIiwiX2F1dGhfdXNlcl9oYXNoIjoiYmUwMDk1YTY2Zjg2YmRjZDUxMzBhZWI0MzRiNjIzYTgwMTI4ZDhlOCJ9", "expire_date": "2020-07-28T11:40:28.122Z"}}, {"model": "sessions.session", "pk": "5opocp486ggae8befbumxh5fmngr8rgp", "fields": {"session_data": "NjFlNjAxMmE2NjIyMTFmNzU2OGNlNDVkMTYwMjQwYjdkN2YzODZkZjp7Il9hdXRoX3VzZXJfaWQiOiIxIiwiX2F1dGhfdXNlcl9iYWNrZW5kIjoiZGphbmdvLmNvbnRyaWIuYXV0aC5iYWNrZW5kcy5Nb2RlbEJhY2tlbmQiLCJfYXV0aF91c2VyX2hhc2giOiJmNGE4MDZkYjgwZjQwOTgxYmYxMGQ2MzgxNzlhNGIzN2Q5YzMyOTVmIn0=", "expire_date": "2020-07-05T13:18:15.031Z"}}, {"model": "sessions.session", "pk": "6imvjv94oxu454a0qkf0ddjgwzmz5ads", "fields": {"session_data": "MzU2ZDViZTQ4YWQ2ZGVjNDE2ZWY5ZWU4Y2EzMTI2NjZkMzBkOGQ3Mjp7Il9hdXRoX3VzZXJfaWQiOiIxNCIsIl9hdXRoX3VzZXJfYmFja2VuZCI6ImRqYW5nby5jb250cmliLmF1dGguYmFja2VuZHMuTW9kZWxCYWNrZW5kIiwiX2F1dGhfdXNlcl9oYXNoIjoiNDBmMTY0OWQ5MzYyYjk5NzZkMmRhZjliNjBmMWIxMDg4N2Q1MmVmMiJ9", "expire_date": "2020-08-14T00:18:51.750Z"}}, {"model": "sessions.session", "pk": "9pyyrt6z55aob6nz7ief4x85vq5pukbb", "fields": {"session_data": "YmRlZjg2ODg2MTQ5YjZiYzZhMWVhMjgwNzZhM2ZhNmJkMGNmYTM1MDp7Il9hdXRoX3VzZXJfaWQiOiIxIiwiX2F1dGhfdXNlcl9iYWNrZW5kIjoiZGphbmdvLmNvbnRyaWIuYXV0aC5iYWNrZW5kcy5Nb2RlbEJhY2tlbmQiLCJfYXV0aF91c2VyX2hhc2giOiI5MDYwOWQ0MTliZjM4Y2FjZjM2ZDllNjUwOTQ2N2Y5Njg1YjcwMTZkIn0=", "expire_date": "2020-08-16T07:11:29.918Z"}}, {"model": "sessions.session", "pk": "9xbnd4ycxxkq5sr2h6zy52l5mu73pghq", "fields": {"session_data": "OGYyMTBjZGMwMzkyMjc3YTBmNTU0MTVmMzY0YTMyOWQzZThhMzdhMTp7Il9hdXRoX3VzZXJfaWQiOiIxIiwiX2F1dGhfdXNlcl9iYWNrZW5kIjoiZGphbmdvLmNvbnRyaWIuYXV0aC5iYWNrZW5kcy5Nb2RlbEJhY2tlbmQiLCJfYXV0aF91c2VyX2hhc2giOiI1NjMwMjM2ZDBhYjQ2YWZjMzJhZjhhNWFmNjJjOTZlMDEzZDAzNmY0In0=", "expire_date": "2020-08-02T07:58:24.088Z"}}, {"model": "sessions.session", "pk": "axyzudes5spc91yriiwbpgxjshffcvj0", "fields": {"session_data": "MzU2ZDViZTQ4YWQ2ZGVjNDE2ZWY5ZWU4Y2EzMTI2NjZkMzBkOGQ3Mjp7Il9hdXRoX3VzZXJfaWQiOiIxNCIsIl9hdXRoX3VzZXJfYmFja2VuZCI6ImRqYW5nby5jb250cmliLmF1dGguYmFja2VuZHMuTW9kZWxCYWNrZW5kIiwiX2F1dGhfdXNlcl9oYXNoIjoiNDBmMTY0OWQ5MzYyYjk5NzZkMmRhZjliNjBmMWIxMDg4N2Q1MmVmMiJ9", "expire_date": "2020-08-13T21:59:12.555Z"}}, {"model": "sessions.session", "pk": "biu8857i5lpsm25nbbsy3j4gd7qp09qb", "fields": {"session_data": "MzliYzcyM2QxM2NlMDk1ZTYzZmMzOWE0ODI1M2I1ZDRhYzU4ZDU2Yzp7Il9hdXRoX3VzZXJfaWQiOiIxNyIsIl9hdXRoX3VzZXJfYmFja2VuZCI6ImRqYW5nby5jb250cmliLmF1dGguYmFja2VuZHMuTW9kZWxCYWNrZW5kIiwiX2F1dGhfdXNlcl9oYXNoIjoiYjFlYjQwNjc2NTcwZTI5NDU0NzNmYWI0ZDZmNzIzZDVkYTkyZjU5YSJ9", "expire_date": "2020-08-01T13:14:52.263Z"}}, {"model": "sessions.session", "pk": "c76ztijmifezsb70pjp9obxw1yyo7446", "fields": {"session_data": "ZjA4OTY3YWQzNzBkMTRjNWMxMzBkZDRiNWIxMzY5NGJiNTIwNmZjNDp7fQ==", "expire_date": "2020-07-28T09:37:10.032Z"}}, {"model": "sessions.session", "pk": "ckom1qu4gkdl3tp4ysd2zlupl7prwqnd", "fields": {"session_data": "ZTZiMzRhZGUyZjQxNDFiMzkxNmEyZmJmODU0ZmIzZWY2MzFjYzNjZjp7Il9hdXRoX3VzZXJfaWQiOiIxOCIsIl9hdXRoX3VzZXJfYmFja2VuZCI6ImRqYW5nby5jb250cmliLmF1dGguYmFja2VuZHMuTW9kZWxCYWNrZW5kIiwiX2F1dGhfdXNlcl9oYXNoIjoiNTg2NGFmNDU3YzIyODZjZjVhY2EyYmZkZmJhNTBlNjgxOGY2YTMxNCJ9", "expire_date": "2020-08-12T12:20:56.599Z"}}, {"model": "sessions.session", "pk": "dtgb9kya47eua9j7t1jksy55g6k9293k", "fields": {"session_data": "ZTZiMzRhZGUyZjQxNDFiMzkxNmEyZmJmODU0ZmIzZWY2MzFjYzNjZjp7Il9hdXRoX3VzZXJfaWQiOiIxOCIsIl9hdXRoX3VzZXJfYmFja2VuZCI6ImRqYW5nby5jb250cmliLmF1dGguYmFja2VuZHMuTW9kZWxCYWNrZW5kIiwiX2F1dGhfdXNlcl9oYXNoIjoiNTg2NGFmNDU3YzIyODZjZjVhY2EyYmZkZmJhNTBlNjgxOGY2YTMxNCJ9", "expire_date": "2020-08-12T18:47:11.729Z"}}, {"model": "sessions.session", "pk": "g52ro8z0dbvjqyjxq3xdpmqlclkqiw9c", "fields": {"session_data": "NjFlNjAxMmE2NjIyMTFmNzU2OGNlNDVkMTYwMjQwYjdkN2YzODZkZjp7Il9hdXRoX3VzZXJfaWQiOiIxIiwiX2F1dGhfdXNlcl9iYWNrZW5kIjoiZGphbmdvLmNvbnRyaWIuYXV0aC5iYWNrZW5kcy5Nb2RlbEJhY2tlbmQiLCJfYXV0aF91c2VyX2hhc2giOiJmNGE4MDZkYjgwZjQwOTgxYmYxMGQ2MzgxNzlhNGIzN2Q5YzMyOTVmIn0=", "expire_date": "2020-07-15T17:58:27.849Z"}}, {"model": "sessions.session", "pk": "gol2h5hc4z187dlnt1nr71v14z1442yy", "fields": {"session_data": "YWRkODVhMmU0ZjI2ZTg1ODEwNWRmMjU2ODQzMTA5Y2E2ZDE0YWViNTp7Il9hdXRoX3VzZXJfaWQiOiIxNCIsIl9hdXRoX3VzZXJfYmFja2VuZCI6ImRqYW5nby5jb250cmliLmF1dGguYmFja2VuZHMuTW9kZWxCYWNrZW5kIiwiX2F1dGhfdXNlcl9oYXNoIjoiMGZkYjAwY2Q5MTI1MWVjYzczZDMzMDk2YzlhMjYxNDYzYzMzNDUxNCJ9", "expire_date": "2020-08-16T00:42:31.312Z"}}, {"model": "sessions.session", "pk": "imongc2eui4m2e3961j07e3y36z86tv9", "fields": {"session_data": "NjFlNjAxMmE2NjIyMTFmNzU2OGNlNDVkMTYwMjQwYjdkN2YzODZkZjp7Il9hdXRoX3VzZXJfaWQiOiIxIiwiX2F1dGhfdXNlcl9iYWNrZW5kIjoiZGphbmdvLmNvbnRyaWIuYXV0aC5iYWNrZW5kcy5Nb2RlbEJhY2tlbmQiLCJfYXV0aF91c2VyX2hhc2giOiJmNGE4MDZkYjgwZjQwOTgxYmYxMGQ2MzgxNzlhNGIzN2Q5YzMyOTVmIn0=", "expire_date": "2020-07-30T02:12:44.574Z"}}, {"model": "sessions.session", "pk": "ivw7ym1ws9jxmxalmgpg7vttst0qqzgx", "fields": {"session_data": "YjVjMDVhYThlN2UyZGFiNDg4YzkyN2E1ZDBkOTBmNGEwMzY3M2RiOTp7Il9hdXRoX3VzZXJfaWQiOiIxOCIsIl9hdXRoX3VzZXJfYmFja2VuZCI6ImRqYW5nby5jb250cmliLmF1dGguYmFja2VuZHMuTW9kZWxCYWNrZW5kIiwiX2F1dGhfdXNlcl9oYXNoIjoiN2I0ZmQyNGRmZjJlYWQ1YzFiNmQ3ZGQ2ZjQ1MjBmMDQ5MGI5MDQzZSJ9", "expire_date": "2020-08-12T10:09:47.829Z"}}, {"model": "sessions.session", "pk": "jwmq00uvfd4ir3l3k3r5nv7pe0zl07uc", "fields": {"session_data": "NjIxZTNjOGIxYmM3NmVhNWUxMzViYjdjMDJkZGE1ZmIyZmMzY2Q3Yzp7Il9hdXRoX3VzZXJfaWQiOiIxIiwiX2F1dGhfdXNlcl9iYWNrZW5kIjoiZGphbmdvLmNvbnRyaWIuYXV0aC5iYWNrZW5kcy5Nb2RlbEJhY2tlbmQiLCJfYXV0aF91c2VyX2hhc2giOiJmZDg1NmY3ZTMxMWJiODY3Y2U2NzAxYTMzZWFiNWM0NjM4MzlhOWY5In0=", "expire_date": "2020-08-14T20:13:03.220Z"}}, {"model": "sessions.session", "pk": "lk7micwix887j0slwy0vhb1bdwchacz3", "fields": {"session_data": "YmRlZjg2ODg2MTQ5YjZiYzZhMWVhMjgwNzZhM2ZhNmJkMGNmYTM1MDp7Il9hdXRoX3VzZXJfaWQiOiIxIiwiX2F1dGhfdXNlcl9iYWNrZW5kIjoiZGphbmdvLmNvbnRyaWIuYXV0aC5iYWNrZW5kcy5Nb2RlbEJhY2tlbmQiLCJfYXV0aF91c2VyX2hhc2giOiI5MDYwOWQ0MTliZjM4Y2FjZjM2ZDllNjUwOTQ2N2Y5Njg1YjcwMTZkIn0=", "expire_date": "2020-08-16T08:05:14.989Z"}}, {"model": "sessions.session", "pk": "ma71pcp281glzrpkf6dpiew1lr4pqwrj", "fields": {"session_data": "MDZmY2UwZTg0NDg1ZjhiMzczYThhMWEzZDZjZWM1ODMzNTRjMTQ0ODp7Il9hdXRoX3VzZXJfaWQiOiIxNCIsIl9hdXRoX3VzZXJfYmFja2VuZCI6ImRqYW5nby5jb250cmliLmF1dGguYmFja2VuZHMuTW9kZWxCYWNrZW5kIiwiX2F1dGhfdXNlcl9oYXNoIjoiNTdjYjBmYjdjNTM4YjQxNGMxNzdkZmE5NzZiOGJiY2IyN2JhOWNjNyJ9", "expire_date": "2020-08-10T06:54:54.839Z"}}, {"model": "sessions.session", "pk": "nrxtucyrcws11dz7lbz3y4v1dxskcl1g", "fields": {"session_data": "Zjg1OWEwYjE3ZmNhYzk5ZDc0MzkxNzJkYTRmZDBjNzRlOWQwNjNjZDp7Il9hdXRoX3VzZXJfaWQiOiIxOSIsIl9hdXRoX3VzZXJfYmFja2VuZCI6ImRqYW5nby5jb250cmliLmF1dGguYmFja2VuZHMuTW9kZWxCYWNrZW5kIiwiX2F1dGhfdXNlcl9oYXNoIjoiZDkzNDE5M2E5MGZmMWRkYmNhN2I1ZmUwNmQ3MDYzOWE5NWNiNDU1NiJ9", "expire_date": "2020-08-15T06:08:11.359Z"}}, {"model": "sessions.session", "pk": "o8mbakkapp3k1ugiziu4qrd5bszzumqk", "fields": {"session_data": "M2VhNTJkOGFjMTAzYzFmZjA4ZDYzMzRmZGI0MjI2MGNlM2Y2OTcwODp7Il9hdXRoX3VzZXJfaWQiOiIxOCIsIl9hdXRoX3VzZXJfYmFja2VuZCI6ImRqYW5nby5jb250cmliLmF1dGguYmFja2VuZHMuTW9kZWxCYWNrZW5kIiwiX2F1dGhfdXNlcl9oYXNoIjoiNGQ3N2JiMDdiZjNmNThiYzQ1ZmU2Zjk2N2E2YzBmM2IxM2JlZWFjMiJ9", "expire_date": "2020-08-12T08:32:51.335Z"}}, {"model": "sessions.session", "pk": "r9zcs482f1bev6879tv2qqgg5inlduzc", "fields": {"session_data": "YWRkODVhMmU0ZjI2ZTg1ODEwNWRmMjU2ODQzMTA5Y2E2ZDE0YWViNTp7Il9hdXRoX3VzZXJfaWQiOiIxNCIsIl9hdXRoX3VzZXJfYmFja2VuZCI6ImRqYW5nby5jb250cmliLmF1dGguYmFja2VuZHMuTW9kZWxCYWNrZW5kIiwiX2F1dGhfdXNlcl9oYXNoIjoiMGZkYjAwY2Q5MTI1MWVjYzczZDMzMDk2YzlhMjYxNDYzYzMzNDUxNCJ9", "expire_date": "2020-08-16T07:03:28.303Z"}}, {"model": "sessions.session", "pk": "t7e5zzjiyniqd7feykobydlt25yjfkpi", "fields": {"session_data": "MDZmY2UwZTg0NDg1ZjhiMzczYThhMWEzZDZjZWM1ODMzNTRjMTQ0ODp7Il9hdXRoX3VzZXJfaWQiOiIxNCIsIl9hdXRoX3VzZXJfYmFja2VuZCI6ImRqYW5nby5jb250cmliLmF1dGguYmFja2VuZHMuTW9kZWxCYWNrZW5kIiwiX2F1dGhfdXNlcl9oYXNoIjoiNTdjYjBmYjdjNTM4YjQxNGMxNzdkZmE5NzZiOGJiY2IyN2JhOWNjNyJ9", "expire_date": "2020-08-10T08:56:28.686Z"}}, {"model": "sessions.session", "pk": "tnteelhoz6ge8zsd8sa5idbfprdtex61", "fields": {"session_data": "NjFlNjAxMmE2NjIyMTFmNzU2OGNlNDVkMTYwMjQwYjdkN2YzODZkZjp7Il9hdXRoX3VzZXJfaWQiOiIxIiwiX2F1dGhfdXNlcl9iYWNrZW5kIjoiZGphbmdvLmNvbnRyaWIuYXV0aC5iYWNrZW5kcy5Nb2RlbEJhY2tlbmQiLCJfYXV0aF91c2VyX2hhc2giOiJmNGE4MDZkYjgwZjQwOTgxYmYxMGQ2MzgxNzlhNGIzN2Q5YzMyOTVmIn0=", "expire_date": "2020-07-06T15:08:46.033Z"}}, {"model": "sessions.session", "pk": "vi16z1l3r5a9l393d1zmm5p0hr765yqg", "fields": {"session_data": "NjFlNjAxMmE2NjIyMTFmNzU2OGNlNDVkMTYwMjQwYjdkN2YzODZkZjp7Il9hdXRoX3VzZXJfaWQiOiIxIiwiX2F1dGhfdXNlcl9iYWNrZW5kIjoiZGphbmdvLmNvbnRyaWIuYXV0aC5iYWNrZW5kcy5Nb2RlbEJhY2tlbmQiLCJfYXV0aF91c2VyX2hhc2giOiJmNGE4MDZkYjgwZjQwOTgxYmYxMGQ2MzgxNzlhNGIzN2Q5YzMyOTVmIn0=", "expire_date": "2020-07-22T07:46:10.301Z"}}, {"model": "sessions.session", "pk": "vzkdzt31ffxh37y5yrtg928lqj18pvkc", "fields": {"session_data": "MDZmY2UwZTg0NDg1ZjhiMzczYThhMWEzZDZjZWM1ODMzNTRjMTQ0ODp7Il9hdXRoX3VzZXJfaWQiOiIxNCIsIl9hdXRoX3VzZXJfYmFja2VuZCI6ImRqYW5nby5jb250cmliLmF1dGguYmFja2VuZHMuTW9kZWxCYWNrZW5kIiwiX2F1dGhfdXNlcl9oYXNoIjoiNTdjYjBmYjdjNTM4YjQxNGMxNzdkZmE5NzZiOGJiY2IyN2JhOWNjNyJ9", "expire_date": "2020-08-10T07:53:44.427Z"}}, {"model": "sessions.session", "pk": "wtdqmmlffodrn95a5hw65941udzjto64", "fields": {"session_data": "ZDZjMDU0MTBlN2RkNTRkZWExMDE1YTQ2MTY0ZDA2NWFkOGE4MGUyZjp7Il9hdXRoX3VzZXJfaWQiOiIxNCIsIl9hdXRoX3VzZXJfYmFja2VuZCI6ImRqYW5nby5jb250cmliLmF1dGguYmFja2VuZHMuTW9kZWxCYWNrZW5kIiwiX2F1dGhfdXNlcl9oYXNoIjoiNDYxN2FjNmY5Mzk5Zjg2MzkzYTA0YjgwNzQxMjZhMzE5NDJiNTUyMyJ9", "expire_date": "2020-08-15T22:37:01.817Z"}}, {"model": "sessions.session", "pk": "ygc2mr7cj74f8a226dnda7llajlz7wdz", "fields": {"session_data": "Y2I4OTU5YjhmZDcwZmQ2YzZjM2RiMjYzZDY5MmQ2NDU3N2Y5YTFmMjp7Il9hdXRoX3VzZXJfaWQiOiIxNCIsIl9hdXRoX3VzZXJfYmFja2VuZCI6ImRqYW5nby5jb250cmliLmF1dGguYmFja2VuZHMuTW9kZWxCYWNrZW5kIiwiX2F1dGhfdXNlcl9oYXNoIjoiMzViNDVjZGE2NzQ5Y2JmYzUyNWY4MjY1Y2NkNTc0NmJjNzVlMGQ4YSJ9", "expire_date": "2020-08-12T08:58:52.779Z"}}, {"model": "sessions.session", "pk": "z5pc7go7x5n6w8qprprk9750n6odbhq3", "fields": {"session_data": "NjFlNjAxMmE2NjIyMTFmNzU2OGNlNDVkMTYwMjQwYjdkN2YzODZkZjp7Il9hdXRoX3VzZXJfaWQiOiIxIiwiX2F1dGhfdXNlcl9iYWNrZW5kIjoiZGphbmdvLmNvbnRyaWIuYXV0aC5iYWNrZW5kcy5Nb2RlbEJhY2tlbmQiLCJfYXV0aF91c2VyX2hhc2giOiJmNGE4MDZkYjgwZjQwOTgxYmYxMGQ2MzgxNzlhNGIzN2Q5YzMyOTVmIn0=", "expire_date": "2020-07-12T10:24:19.921Z"}}, {"model": "sessions.session", "pk": "zgsn2ytzwmz2pgghvx4ox7pts734pixr", "fields": {"session_data": "ZjA4OTY3YWQzNzBkMTRjNWMxMzBkZDRiNWIxMzY5NGJiNTIwNmZjNDp7fQ==", "expire_date": "2020-07-28T09:41:24.007Z"}}, {"model": "app.type", "pk": 9, "fields": {"name": "Health and Fitness Advisor", "description": "Health and Fitness Advisor", "status": true, "type_category": "2", "image": "types/hf_KU0JBlH.png"}}, {"model": "app.type", "pk": 11, "fields": {"name": "Diagnostics", "description": "Diagnostics", "status": true, "type_category": "2", "image": "types/categorie-3_BusQsgS.png"}}, {"model": "app.type", "pk": 12, "fields": {"name": "Yoga Guru", "description": "Yoga Guru", "status": true, "type_category": "2", "image": "types/yoga.png"}}, {"model": "app.type", "pk": 13, "fields": {"name": "Physiotherapist", "description": "Physiotherapist", "status": true, "type_category": "2", "image": "types/physitotherapy_N8YKF53.png"}}, {"model": "app.type", "pk": 14, "fields": {"name": "Clinical Psychiatry", "description": "Clinical Psychiatry", "status": true, "type_category": "2", "image": "types/psychiatry_k56ZOH6.png"}}, {"model": "app.type", "pk": 15, "fields": {"name": "Pharmacies", "description": "Pharmacies", "status": true, "type_category": "2", "image": "types/categorie-4.png"}}, {"model": "app.type", "pk": 16, "fields": {"name": "Ayurveda", "description": "Ayurveda", "status": true, "type_category": "1", "image": "types/ayurveda.png"}}, {"model": "app.type", "pk": 17, "fields": {"name": "Urology", "description": "Urology, MS (Surgery)", "status": true, "type_category": "1", "image": "types/kidney.png"}}, {"model": "app.type", "pk": 18, "fields": {"name": "DNB Orthopedics", "description": "DNB Orthopedics", "status": true, "type_category": "1", "image": "types/crutches.png"}}, {"model": "app.type", "pk": 19, "fields": {"name": "Dentist", "description": "Dentist", "status": true, "type_category": "1", "image": "types/tooth.png"}}, {"model": "app.type", "pk": 20, "fields": {"name": "Radiology", "description": "Radiology", "status": true, "type_category": "1", "image": "types/radiology.png"}}, {"model": "app.type", "pk": 21, "fields": {"name": "Pediatrics", "description": "Pediatrics", "status": true, "type_category": "1", "image": "types/pediatrics.png"}}, {"model": "app.type", "pk": 22, "fields": {"name": "Ophthalmology", "description": "Ophthalmology", "status": true, "type_category": "1", "image": "types/eye.png"}}, {"model": "app.type", "pk": 23, "fields": {"name": "Obstetrics and Gynecology", "description": "Obstetrics and Gynecology", "status": true, "type_category": "1", "image": "types/gynecology.png"}}, {"model": "app.type", "pk": 24, "fields": {"name": "Neurology", "description": "Neurology", "status": true, "type_category": "1", "image": "types/neurology.png"}}, {"model": "app.type", "pk": 25, "fields": {"name": "Infertility Care", "description": "Infertility Care", "status": true, "type_category": "1", "image": "types/infertility.png"}}, {"model": "app.type", "pk": 26, "fields": {"name": "ENT", "description": "ENT", "status": true, "type_category": "1", "image": "types/vectorpaint.png"}}, {"model": "app.type", "pk": 27, "fields": {"name": "Orthopedics", "description": "Orthopedics", "status": true, "type_category": "1", "image": "types/crutches_uqpAbrz.png"}}, {"model": "app.type", "pk": 28, "fields": {"name": "Skin and VD", "description": "Skin and VD", "status": true, "type_category": "1", "image": "types/skin.png"}}, {"model": "app.type", "pk": 29, "fields": {"name": "General Medicine", "description": "General Medicine", "status": false, "type_category": "", "image": "types/default.png"}}, {"model": "app.state", "pk": 1, "fields": {"name": "Odisha"}}, {"model": "app.state", "pk": 2, "fields": {"name": "West Bengal"}}, {"model": "app.city", "pk": 1, "fields": {"name": "Bhubaneswar", "state": 1}}, {"model": "app.city", "pk": 2, "fields": {"name": "Kolkata", "state": 2}}, {"model": "app.area", "pk": 1, "fields": {"name": "Infocity", "city": 1}}, {"model": "app.area", "pk": 2, "fields": {"name": "Raghunathpur", "city": 2}}, {"model": "app.area", "pk": 3, "fields": {"name": "Kalinganagar", "city": 1}}, {"model": "app.area", "pk": 4, "fields": {"name": "Nalconagar", "city": 1}}, {"model": "app.area", "pk": 5, "fields": {"name": "AG Colony", "city": 1}}, {"model": "app.area", "pk": 6, "fields": {"name": "Nayapalli", "city": 1}}, {"model": "app.area", "pk": 7, "fields": {"name": "Chandrashekharpur", "city": 1}}, {"model": "app.doctor", "pk": 1, "fields": {"practice_id": "null", "name": "Dr Subham Sri Sabat", "address": "B-2nd Floor, Sagardeep Apartments, Raghunathpur, Kolkata, West Bengal 700059", "education": "BAMS", "practicing_year": null, "image": "", "gender": "Male", "description": "", "lat": null, "lon": null, "phone": "8599956734", "type": 16, "city": 2, "area": 2, "state": 2, "status": true, "videoconferencing": false, "telecalling": true, "available_from": "10:00:00", "available_to": "17:00:00", "signuptime": "2020-06-28T12:46:09.989Z", "direct_contact": false, "designation": null, "hospital": "Self Practice"}}, {"model": "app.doctor", "pk": 2, "fields": {"practice_id": "null", "name": "Dr Debabrata Sabat", "address": "K8 - Kalinganagar, Bhubaneswar - 751003. Odisha .", "education": "MS Surgery", "practicing_year": null, "image": "", "gender": null, "description": "", "lat": null, "lon": null, "phone": "8895218886", "type": 17, "city": 1, "area": 3, "state": 1, "status": true, "videoconferencing": false, "telecalling": true, "available_from": "10:00:00", "available_to": "17:00:00", "signuptime": "2020-06-28T12:50:23.339Z", "direct_contact": false, "designation": "Associate professor", "hospital": "Institute of Medical Sciences and SUM Hospital"}}, {"model": "app.doctor", "pk": 3, "fields": {"practice_id": "null", "name": "Dr Srikant Mishra", "address": "", "education": "", "practicing_year": null, "image": "", "gender": null, "description": "", "lat": null, "lon": null, "phone": "7021995263", "type": 18, "city": 1, "area": 4, "state": 1, "status": true, "videoconferencing": false, "telecalling": true, "available_from": "10:00:00", "available_to": "17:00:00", "signuptime": "2020-06-28T12:53:07.408Z", "direct_contact": false, "designation": "Trauma & Arthroplasty surgeon", "hospital": "Kalinga Hospital Limited"}}, {"model": "app.doctor", "pk": 4, "fields": {"practice_id": "null", "name": "Dr Sthitaprajna lenka", "address": "Infront of kalinga stadium Gate no3, New AG colony, Reg No-341A", "education": "MDS - Maxillofacial Surgery", "practicing_year": null, "image": "", "gender": null, "description": "", "lat": null, "lon": null, "phone": "9337555777", "type": 19, "city": 1, "area": 5, "state": 1, "status": true, "videoconferencing": false, "telecalling": true, "available_from": "10:00:00", "available_to": "17:00:00", "signuptime": "2020-06-28T12:55:44.164Z", "direct_contact": false, "designation": "Professor", "hospital": "Ambika Dental clinic"}}, {"model": "app.doctor", "pk": 5, "fields": {"practice_id": "null", "name": "Dr Satyaswarup Jena", "address": "K8 - Kalinganagar, Bhubaneswar - 751003. Odisha .", "education": "", "practicing_year": null, "image": "", "gender": null, "description": "", "lat": null, "lon": null, "phone": "9437909502", "type": 20, "city": 1, "area": 3, "state": 1, "status": true, "videoconferencing": false, "telecalling": true, "available_from": "10:00:00", "available_to": "17:00:00", "signuptime": "2020-06-28T12:56:58.948Z", "direct_contact": false, "designation": "Assistant Professor", "hospital": "Institute of Medical Service and SUM Hospital, Pro-life Diagnosticsl"}}, {"model": "app.doctor", "pk": 6, "fields": {"practice_id": "null", "name": "Dr Pratik", "address": "K8 - Kalinganagar, Bhubaneswar - 751003. Odisha .", "education": "MD-Pediatrics", "practicing_year": null, "image": "", "gender": null, "description": "K8 - Kalinganagar, Bhubaneswar - 751003. Odisha .", "lat": null, "lon": null, "phone": "9668857413", "type": 21, "city": 1, "area": 3, "state": 1, "status": true, "videoconferencing": false, "telecalling": true, "available_from": "10:00:00", "available_to": "17:00:00", "signuptime": "2020-06-28T12:58:37.040Z", "direct_contact": false, "designation": "Assistant Professor", "hospital": "Institute of Medical Service and SUM Hospital"}}, {"model": "app.doctor", "pk": 7, "fields": {"practice_id": "null", "name": "Dr Loly Patnaik", "address": "K8 - Kalinganagar, Bhubaneswar - 751003. Odisha .", "education": "", "practicing_year": null, "image": "", "gender": null, "description": "", "lat": null, "lon": null, "phone": "9337330773", "type": 22, "city": 1, "area": 3, "state": 1, "status": true, "videoconferencing": false, "telecalling": true, "available_from": "10:00:00", "available_to": "17:00:00", "signuptime": "2020-06-28T12:59:39.335Z", "direct_contact": false, "designation": "Professor", "hospital": "Institute of Medical Sciences and SUM Hospital"}}, {"model": "app.doctor", "pk": 8, "fields": {"practice_id": "17435/2010", "name": "Dr Padmalaya Thakur", "address": "K8 - Kalinganagar, Bhubaneswar - 751003. Odisha .", "education": "\"\"", "practicing_year": null, "image": "", "gender": null, "description": "", "lat": null, "lon": null, "phone": "9861669625", "type": 23, "city": 1, "area": 3, "state": 1, "status": true, "videoconferencing": false, "telecalling": true, "available_from": "10:00:00", "available_to": "17:00:00", "signuptime": "2020-08-02T04:33:18.553Z", "direct_contact": false, "designation": "Assistant Professor", "hospital": "Institute of Medical Sciences and SUM Hospital"}}, {"model": "app.doctor", "pk": 9, "fields": {"practice_id": "null", "name": "Dr Rabinarayan Nanda", "address": "Near Hotel Mayfair, Nayapali, Bhubaneswar (Odisha)", "education": "", "practicing_year": null, "image": "", "gender": null, "description": "", "lat": null, "lon": null, "phone": "9438668822", "type": 28, "city": 1, "area": 6, "state": 1, "status": true, "videoconferencing": false, "telecalling": true, "available_from": "10:00:00", "available_to": "17:00:00", "signuptime": "2020-06-28T13:05:04.312Z", "direct_contact": false, "designation": "Senior Consultant", "hospital": "ESI Hospital"}}, {"model": "app.doctor", "pk": 10, "fields": {"practice_id": "null", "name": "Dr. Babita Panda", "address": "District Center - 118, Chandrasekharpur, Bhubaneswar (Odisha) ZIP: 751023", "education": "", "practicing_year": null, "image": "", "gender": null, "description": "", "lat": null, "lon": null, "phone": "7609950211", "type": 25, "city": 1, "area": 7, "state": 1, "status": true, "videoconferencing": false, "telecalling": true, "available_from": "10:00:00", "available_to": "17:00:00", "signuptime": "2020-06-28T13:06:22.592Z", "direct_contact": false, "designation": "MD & Consultant", "hospital": "Future Fertility Pvt Ltd"}}, {"model": "app.doctor", "pk": 11, "fields": {"practice_id": "null", "name": "Dr. Santosh Swain", "address": "K8 - Kalinganagar, Bhubaneswar - 751003. Odisha .", "education": "", "practicing_year": null, "image": "", "gender": null, "description": "", "lat": null, "lon": null, "phone": "9556524887", "type": 26, "city": 1, "area": 3, "state": 1, "status": true, "videoconferencing": false, "telecalling": true, "available_from": "10:00:00", "available_to": "17:00:00", "signuptime": "2020-06-28T13:07:33.998Z", "direct_contact": false, "designation": "Professor", "hospital": "Institute of Medical Sciences & Sum Hospital"}}, {"model": "app.doctor", "pk": 12, "fields": {"practice_id": "null", "name": "Dr. Dillip Kumar Dash", "address": "K8 - Kalinganagar, Bhubaneswar - 751003. Odisha .", "education": "", "practicing_year": null, "image": "", "gender": null, "description": "", "lat": null, "lon": null, "phone": "9437167337", "type": 21, "city": 1, "area": 3, "state": 1, "status": true, "videoconferencing": false, "telecalling": true, "available_from": "10:00:00", "available_to": "17:00:00", "signuptime": "2020-06-28T13:08:29.114Z", "direct_contact": false, "designation": "Professor", "hospital": "Institute of Medical Sciences and SUM Hospital"}}, {"model": "app.doctor", "pk": 13, "fields": {"practice_id": "null", "name": "Dr. Binod Raulo", "address": "K8 - Kalinganagar, Bhubaneswar - 751003. Odisha .", "education": "\"\"", "practicing_year": null, "image": "", "gender": null, "description": "", "lat": null, "lon": null, "phone": "9438041774", "type": 27, "city": 1, "area": 3, "state": 1, "status": true, "videoconferencing": true, "telecalling": true, "available_from": "10:00:00", "available_to": "17:00:00", "signuptime": "2020-07-01T17:04:01.141Z", "direct_contact": false, "designation": "Associate Professor", "hospital": "Institute of Medical Service and SUM Hospital"}}, {"model": "app.telecalldoctors", "pk": 1, "fields": {"name": "Saswath Mishra", "phone": "8745632100", "type": 29, "education": null, "practicing_year": null, "designation": "Professor", "hospital": "Tech Hospital", "registration_id": "12234456", "available_from": "10:00", "available_to": "12:00", "direct_contact": false, "status": false, "address": "Test"}}, {"model": "app.links", "pk": 1, "fields": {"title": "PDOC is now recognized by Startup Odisha", "url": "https://www.pdochealth.com/static/page1.jpg"}}, {"model": "app.links", "pk": 2, "fields": {"title": "PDOC is now recognized by Startup Odisha", "url": "https://www.pdochealth.com/static/page1.jpg"}}, {"model": "app.links", "pk": 3, "fields": {"title": "MCI(Medical Council of India)", "url": "https://www.mciindia.org/CMS/information-desk/for-medical-professional/mci-online"}}, {"model": "app.links", "pk": 4, "fields": {"title": "Statistics Of Corona Virus in India", "url": "https://www.mohfw.gov.in/"}}, {"model": "app.links", "pk": 5, "fields": {"title": "Rolling Updates on COVID-19", "url": "https://www.who.int/emergencies/diseases/novel-coronavirus-2019/events-as-they-happen"}}, {"model": "app.paramedics", "pk": 1, "fields": {"name": "Rasmiranjan Pradhan", "qualifications": null, "phone": "9338818555", "available_from": null, "available_to": null, "achievements": null, "about": "", "address": "Saipatholab, (collection center for Curewell Diagnostics & Core Diagnostics) Syampur, Nuagaon Chhak, Near SUM Hospital Bhubaneswar", "designation": null, "organization": null, "license_no": null, "collection": false, "type": 11}}, {"model": "app.paramedics", "pk": 2, "fields": {"name": "Anil Kumar Panigrahy", "qualifications": "Master of Physiotherapy", "phone": "9853858166", "available_from": "09:00", "available_to": "17:00", "achievements": "Sports Medicine,Gold Medalist", "about": "Excited to serve people at any condition", "address": "K8,K8/1086,Kalinga Nagar,Behind Sum Hospital,Ghatikia,Bhubaneswar-751003", "designation": "MPT (Sports)", "organization": "Add life &Fitness Physiotherapy Centre", "license_no": null, "collection": null, "type": 13}}, {"model": "app.others", "pk": 1, "fields": {"name": "terms", "value": "<ul>\r\n<li>PDOC group encourages public to utilize the platform to address different health issues with special reference to Online appointment of doctors of different specializations,registered with us.</li>\r\n<li>We are also trying to update health information to an extent for awareness.</li>\r\n<li>For the time being at this pandemic situation we facilitate Telemedicine service (Appointment/consultation through telephone/Video call) which may be chargeable.free as per the conditions/specification of the physicians.</li>\r\n<li>We will try to help and promote each of the subjects concerned with utmost care to enhance the existing healthcare facility. However, beyond appointment and consultation, PDOC has no role to carry forward and hence not held responsible for the health consequences during the treatment procedure.</li>\r\n<li>Further, &nbsp;the group must suggest accessing the severity of medical problem from both the ends before fixing a protocol for the patient.</li>\r\n</ul>", "image": ""}}, {"model": "app.article", "pk": 1, "fields": {"title": "Being Social..... thankfully its the Brain!", "article": "<p class=\"western\" lang=\"en-US\" style=\"margin-bottom: 0.35cm;\">I grew up learning two faces of life. One through studying the life; the other one feeling the life. The more it unfolded, the higher my quest accrued. And in no time, my love for the subject of life, Biology raved up, the first face of life. Its not a static or incursive line of science. It opens up sequentially. It illuminates all worldly Kinships. A micrometer ( 1000th part of a small dot) cell encloses a nanometer ( let the microscope define it) DNA- the million codes which connect and calibrate the open-ended evolving life. How peculiar that can be?</p>\r\n<p class=\"western\" lang=\"en-US\" style=\"margin-bottom: 0.35cm;\"><span lang=\"en-US\">Then comes the famous unsolved mysteries..why do blood carrying veins appear blue or the mechanism of goosebumps.. And then I, as a decently above average student, pondered whether thr cell divides or multiplies??? With just four taste buds how can we identify so many yumm delicacies.</span><span lang=\"en-US\">This one subject outnumbers all in the race of knowing science as a science.</span></p>\r\n<p class=\"western\" lang=\"en-US\" style=\"margin-bottom: 0.35cm;\">Even after million years on going evolution, 90% of the human brain is still unlocked and how strong the heart is designed to pump blood up against the gravity.</p>\r\n<p class=\"western\" lang=\"en-US\" style=\"margin-bottom: 0.35cm;\"><span lang=\"en-US\">I also evolved from this mind race and started teaching what I could master in 18years of educating myself. My love for this subject is more because it is bifacial... It may progress or retrogress. And then I sudden started empathizing my teacher since a teacher once used to be a student. Here I got acquainted with the second face of this subject. </span><span lang=\"en-US\">The complex softwares and sophisticated machineries inside a human body make it a prime social animal.</span></p>\r\n<p class=\"western\" lang=\"en-US\" style=\"margin-bottom: 0.35cm;\">Does it sound weird? Let's come out of the subject love and talk more about this social animal being social. Adolescence is the age of oceans of feelings tiding up and down in flash of seconds. The diehard romantics became priceless relics in the sea of love and emotions with their knack of stringing the pearls of the love and sorrow. Sometimes its the strong desire or the rage on the fire..sometimes its the meaningless fear and sometimes the endless tears.</p>\r\n<p class=\"western\" lang=\"en-US\" style=\"margin-bottom: 0.35cm;\">World says the heart Knows it all and does it all. Heart is emotional and it brings all kinds of aches to this social animal. The heart needs to stay happy for the human to live. Heart is such a sweetheart. But, the machine of softwares and the wirings, the BRAIN keeps the impulse go tic tac. Its such a bitter heart..no emotions no pain, no aches like heart breaks.</p>\r\n<p class=\"western\" lang=\"en-US\" style=\"margin-bottom: 0.35cm;\">So, is it the heart which makes us a social being??? And the brain being anti- social!!!</p>\r\n<p class=\"western\" lang=\"en-US\" style=\"margin-bottom: 0.35cm;\">Shockingly, it was never the heart who hears the cries who pushes for never ending tries.It only pumps the liquid just like any other motor pump do. It was always the Brain who stayed awake in your cries, turning he mental pain into physical stress. Heart always did just the job of pump. It never stopped when you didnt sleep, it never slowed when you stumbled. its just a pumping machine.</p>\r\n<p class=\"western\" lang=\"en-US\" style=\"margin-bottom: 0.35cm;\">Forget about the heartaches, heart doesn't even know emotions and its thousands types. Its all the game of the hormones regulated by our very sensitive social organ and not the senseless pump. The heart is attacked by the dangerous levels of hormones, pressures and tensions caused in brain. We always cried from heart thinking heart soothes our failures.</p>\r\n<p class=\"western\" lang=\"en-US\" style=\"margin-bottom: 0.35cm;\">Just imagine if you fail in any exam of life, no matter an exam or a love battle, your heart won't strengthen you. Brain eventually takes you out from the seemingly permanent impressions of the end. It pushes us to make the impossible possible by finding solutions to never ending problems and paves way of starting anew.</p>\r\n<p class=\"western\" lang=\"en-US\" style=\"margin-bottom: 0.35cm;\">We start worrying when heart gives us pain but brain is just adept in covering up what it goes through in our difficult times. Gradually it gives up the emotions and that triggers the holocaust.</p>\r\n<p class=\"western\" lang=\"en-US\" style=\"margin-bottom: 0.35cm;\">So next time when you are in a turmoil again, should you follow the heart or the brain??</p>\r\n<p class=\"western\" lang=\"en-US\" style=\"margin-bottom: 0.35cm;\">Love your brain more than your heart for life is beautiful in the coalescence of the emotions developed by the brain. Give your ears to the silent whispers of its talks because it had been listening to you all your life. Let its talk now!</p>\r\n<p class=\"western\" lang=\"en-US\" style=\"margin-bottom: 0.35cm;\"><strong>The Brain -- Our Social Organ.</strong></p>", "slug": "Being-Social-Thankfully-the-Brain", "datetime": "2020-06-28T13:47:55.734Z", "author": "Tapaswini Maharana", "image": "articles/2838353.jpg"}}, {"model": "app.appointments", "pk": 10, "fields": {"slug": "C0LY1R6ZQZVW7EGV", "datetime": "2020-07-31T20:29:17.932Z", "doctor": 13, "customer": 14, "name": "Saswath Mishra", "phone": "8249619206", "query": "Chest Pains", "type": "2", "status": "2", "time": "2020-07-16T08:45:00Z", "razor_pay_order_id": null, "count": "2"}}, {"model": "app.appointments", "pk": 11, "fields": {"slug": "Y4ORU28NQ64Z05GE", "datetime": "2020-07-16T17:30:01.848Z", "doctor": 13, "customer": 14, "name": "Saswath Mishra", "phone": "8249619206", "query": "Testing", "type": "2", "status": "1", "time": "2020-07-16T17:45:00Z", "razor_pay_order_id": null, "count": "0"}}, {"model": "app.appointments", "pk": 12, "fields": {"slug": "KHCJKMTO8JZEX1BU", "datetime": "2020-07-31T20:28:57.224Z", "doctor": 13, "customer": 15, "name": "Saswath Mishra", "phone": "8249619206", "query": "hEAADACHE", "type": "2", "status": "1", "time": "2020-07-18T13:30:00Z", "razor_pay_order_id": null, "count": "0"}}, {"model": "app.appointments", "pk": 18, "fields": {"slug": "YGDE1AUWGIILT0FG", "datetime": "2020-07-29T21:18:30.148Z", "doctor": 13, "customer": 12, "name": "Bibhu", "phone": "7873828186", "query": "Thida Hauni", "type": "2", "status": "1", "time": "2020-07-25T15:52:00Z", "razor_pay_order_id": "order_FGGmdNJyvUm8TI", "count": "2"}}, {"model": "app.appointments", "pk": 21, "fields": {"slug": "abcd-efgh-ijkl-mnop", "datetime": "2020-07-31T20:40:33.654Z", "doctor": 1, "customer": 16, "name": "Aditya Jena", "phone": "8249619206", "query": "Headache", "type": "1", "status": "2", "time": "2020-07-31T20:30:00Z", "razor_pay_order_id": "123456788", "count": "23"}}, {"model": "app.appointments", "pk": 22, "fields": {"slug": "NV9SOL2IUCSJ0SAE", "datetime": "2020-08-02T04:42:48.651Z", "doctor": 3, "customer": 16, "name": "test", "phone": "test", "query": "test", "type": "1", "status": "0", "time": null, "razor_pay_order_id": "order_FLlZQPvc1N31gZ", "count": "0"}}, {"model": "app.appointments", "pk": 23, "fields": {"slug": "JF90S0OBCUY9BLA3", "datetime": "2020-08-02T07:52:04.347Z", "doctor": 8, "customer": 17, "name": "Rajnikant sahu", "phone": "775185738", "query": "Throat pain", "type": "1", "status": "2", "time": "2020-08-02T07:30:00Z", "razor_pay_order_id": "order_FLlbc82laPJXQH", "count": "2"}}, {"model": "app.paramedicbookings", "pk": 1, "fields": {"paramedic": 2, "customer": null, "name": "Shradha", "phone": "77965412130", "query": "Doctor ache", "type": "1", "datetime": "2020-06-28T15:09:43.596Z", "status": "0"}}, {"model": "app.paramedicbookings", "pk": 2, "fields": {"paramedic": 1, "customer": null, "name": "Singh", "phone": "785412360", "query": "Need blood sample picked up", "type": "1", "datetime": "2020-06-28T15:09:43.596Z", "status": "0"}}, {"model": "app.prescription", "pk": 7, "fields": {"slug": "asasasdasd", "appointment": 21, "datetime": "2020-07-31T19:26:14.916Z", "summary": "Patient Summary", "meeting_close": "2020-07-31T19:26:14.916Z"}}, {"model": "app.prescription", "pk": 8, "fields": {"slug": "asasasdasd", "appointment": 21, "datetime": "2020-07-31T19:46:43.728Z", "summary": "Test again", "meeting_close": "2020-07-31T19:46:43.728Z"}}, {"model": "app.prescription", "pk": 9, "fields": {"slug": "asasasdasd", "appointment": 21, "datetime": "2020-07-31T19:47:05.931Z", "summary": "Test again", "meeting_close": "2020-07-31T19:47:05.932Z"}}, {"model": "app.prescription", "pk": 10, "fields": {"slug": "asasasdasd", "appointment": 21, "datetime": "2020-07-31T19:47:44.769Z", "summary": "Test again", "meeting_close": "2020-07-31T19:47:44.769Z"}}, {"model": "app.prescription", "pk": 11, "fields": {"slug": "asasasdasd", "appointment": 21, "datetime": "2020-07-31T19:50:48.011Z", "summary": "Test again", "meeting_close": "2020-07-31T19:50:48.012Z"}}, {"model": "app.prescription", "pk": 12, "fields": {"slug": "asasasdasd", "appointment": 21, "datetime": "2020-07-31T19:53:07.848Z", "summary": "Test again", "meeting_close": "2020-07-31T19:53:07.848Z"}}, {"model": "app.prescription", "pk": 13, "fields": {"slug": "asasasdasd", "appointment": 21, "datetime": "2020-07-31T19:54:06.209Z", "summary": "Test again", "meeting_close": "2020-07-31T19:54:06.209Z"}}, {"model": "app.prescription", "pk": 14, "fields": {"slug": "JHXCT0TB06ENCVQR", "appointment": 10, "datetime": "2020-07-31T20:57:41.178Z", "summary": "Patient Summary", "meeting_close": "2020-07-31T20:57:41.178Z"}}, {"model": "app.prescription", "pk": 15, "fields": {"slug": "XW8KZBNY02NTFYTJ", "appointment": 23, "datetime": "2020-08-02T07:50:15.108Z", "summary": "C/o of fever and throat pain ", "meeting_close": "2020-08-02T07:50:15.108Z"}}, {"model": "app.prescription", "pk": 16, "fields": {"slug": "1FCG4LFR5KDIG9EV", "appointment": 23, "datetime": "2020-08-02T07:50:59.443Z", "summary": "C/o of fever and throat pain ", "meeting_close": "2020-08-02T07:50:59.443Z"}}, {"model": "app.prescription", "pk": 17, "fields": {"slug": "LHX3I1GE8FD55TDS", "appointment": 23, "datetime": "2020-08-02T07:51:24.701Z", "summary": "C/o of fever and throat pain ", "meeting_close": "2020-08-02T07:51:24.701Z"}}, {"model": "app.medicine", "pk": 1, "fields": {"prescription_id": 7, "medicine": "Medicine 1", "morning": true, "lunch": false, "evening": false, "dinner": false, "afterFood": false, "period": "days", "quantity": "15 ", "remarks": "Remark 1"}}, {"model": "app.medicine", "pk": 2, "fields": {"prescription_id": 7, "medicine": "Medicine 2", "morning": false, "lunch": false, "evening": false, "dinner": false, "afterFood": true, "period": "days", "quantity": "30", "remarks": "Remark 2"}}, {"model": "app.medicine", "pk": 3, "fields": {"prescription_id": 8, "medicine": "medicine 1", "morning": true, "lunch": false, "evening": false, "dinner": false, "afterFood": false, "period": "days", "quantity": "15", "remarks": "remark1"}}, {"model": "app.medicine", "pk": 4, "fields": {"prescription_id": 9, "medicine": "medicine 1", "morning": true, "lunch": false, "evening": false, "dinner": false, "afterFood": false, "period": "days", "quantity": "15", "remarks": "remark1"}}, {"model": "app.medicine", "pk": 5, "fields": {"prescription_id": 10, "medicine": "medicine 1", "morning": true, "lunch": false, "evening": false, "dinner": false, "afterFood": false, "period": "days", "quantity": "15", "remarks": "remark1"}}, {"model": "app.medicine", "pk": 6, "fields": {"prescription_id": 11, "medicine": "medicine 1", "morning": true, "lunch": false, "evening": false, "dinner": false, "afterFood": false, "period": "days", "quantity": "15", "remarks": "remark1"}}, {"model": "app.medicine", "pk": 7, "fields": {"prescription_id": 12, "medicine": "medicine 1", "morning": true, "lunch": false, "evening": false, "dinner": false, "afterFood": false, "period": "days", "quantity": "15", "remarks": "remark1"}}, {"model": "app.medicine", "pk": 8, "fields": {"prescription_id": 13, "medicine": "medicine 1", "morning": true, "lunch": false, "evening": false, "dinner": false, "afterFood": false, "period": "days", "quantity": "15", "remarks": "remark1"}}, {"model": "app.medicine", "pk": 9, "fields": {"prescription_id": 14, "medicine": "Medicine 1", "morning": true, "lunch": false, "evening": false, "dinner": false, "afterFood": false, "period": "days", "quantity": "15", "remarks": "remark 1"}}, {"model": "app.medicine", "pk": 10, "fields": {"prescription_id": 14, "medicine": "Medicine 2", "morning": false, "lunch": false, "evening": false, "dinner": false, "afterFood": true, "period": "days", "quantity": "20 ", "remarks": "remark 2"}}, {"model": "app.medicine", "pk": 11, "fields": {"prescription_id": 15, "medicine": "Betadine gargle ", "morning": true, "lunch": false, "evening": true, "dinner": true, "afterFood": true, "period": "5days", "quantity": "", "remarks": ""}}, {"model": "app.medicine", "pk": 12, "fields": {"prescription_id": 16, "medicine": "Betadine gargle ", "morning": true, "lunch": false, "evening": true, "dinner": true, "afterFood": true, "period": "5days", "quantity": "", "remarks": ""}}, {"model": "app.medicine", "pk": 13, "fields": {"prescription_id": 16, "medicine": "Strepsil lozenges", "morning": false, "lunch": false, "evening": false, "dinner": false, "afterFood": true, "period": "5days", "quantity": "", "remarks": ""}}, {"model": "app.medicine", "pk": 14, "fields": {"prescription_id": 17, "medicine": "Betadine gargle ", "morning": true, "lunch": false, "evening": true, "dinner": true, "afterFood": true, "period": "5days", "quantity": "", "remarks": ""}}, {"model": "app.medicine", "pk": 15, "fields": {"prescription_id": 17, "medicine": "Strepsil lozenges", "morning": false, "lunch": false, "evening": false, "dinner": false, "afterFood": true, "period": "5days", "quantity": "", "remarks": "RT PCR for Covid 19"}}, {"model": "app.terms", "pk": 1, "fields": {"terms": "<ul>\r\n<li>Each booking is valid for 15 days starting from the first appointment.</li>\r\n<li>The patient can reschedule an appointment free of cost within the first 15 days of the first appointment as long as the appointment is regarding the same health issue / complain as earlier of the same patient.</li>\r\n<li>Any pre-existing health disorder should be informed to the health care facilitator to avoid emergency conditions.</li>\r\n<li>After providing treatment if the patient's health condition does not improve or worsens , consult the nearest health center immediately.</li>\r\n<li>In case of emergency contact pdochealth emergency contact number - 8249619206 for guidance.</li>\r\n<li>This platform is only for OPD based treatment and not for emergency , is such situations reach a hospital or doctor immediately.</li>\r\n<li>This telel/video consultancy service is not for patients having fever, respiratory distress, severe diarrhea with dehydration , refusal to feed, convolution, altered senserium.</li>\r\n<li>The prescription provided over platform is not valid for medico legal purposes.</li>\r\n<li>Please, read carefully all the terms and conditions above before availling any service at pdochealth.</li>\r\n<li>Signing up to the platform will mean that you have carefully read all the terms and conditions and agree with the same.</li>\r\n</ul>", "datetime": "2020-07-31T17:33:38.031Z"}}, {"model": "auth.permission", "pk": 1, "fields": {"name": "Can add log entry", "content_type": 1, "codename": "add_logentry"}}, {"model": "auth.permission", "pk": 2, "fields": {"name": "Can change log entry", "content_type": 1, "codename": "change_logentry"}}, {"model": "auth.permission", "pk": 3, "fields": {"name": "Can delete log entry", "content_type": 1, "codename": "delete_logentry"}}, {"model": "auth.permission", "pk": 4, "fields": {"name": "Can view log entry", "content_type": 1, "codename": "view_logentry"}}, {"model": "auth.permission", "pk": 5, "fields": {"name": "Can add permission", "content_type": 2, "codename": "add_permission"}}, {"model": "auth.permission", "pk": 6, "fields": {"name": "Can change permission", "content_type": 2, "codename": "change_permission"}}, {"model": "auth.permission", "pk": 7, "fields": {"name": "Can delete permission", "content_type": 2, "codename": "delete_permission"}}, {"model": "auth.permission", "pk": 8, "fields": {"name": "Can view permission", "content_type": 2, "codename": "view_permission"}}, {"model": "auth.permission", "pk": 9, "fields": {"name": "Can add group", "content_type": 3, "codename": "add_group"}}, {"model": "auth.permission", "pk": 10, "fields": {"name": "Can change group", "content_type": 3, "codename": "change_group"}}, {"model": "auth.permission", "pk": 11, "fields": {"name": "Can delete group", "content_type": 3, "codename": "delete_group"}}, {"model": "auth.permission", "pk": 12, "fields": {"name": "Can view group", "content_type": 3, "codename": "view_group"}}, {"model": "auth.permission", "pk": 13, "fields": {"name": "Can add user", "content_type": 4, "codename": "add_user"}}, {"model": "auth.permission", "pk": 14, "fields": {"name": "Can change user", "content_type": 4, "codename": "change_user"}}, {"model": "auth.permission", "pk": 15, "fields": {"name": "Can delete user", "content_type": 4, "codename": "delete_user"}}, {"model": "auth.permission", "pk": 16, "fields": {"name": "Can view user", "content_type": 4, "codename": "view_user"}}, {"model": "auth.permission", "pk": 17, "fields": {"name": "Can add content type", "content_type": 5, "codename": "add_contenttype"}}, {"model": "auth.permission", "pk": 18, "fields": {"name": "Can change content type", "content_type": 5, "codename": "change_contenttype"}}, {"model": "auth.permission", "pk": 19, "fields": {"name": "Can delete content type", "content_type": 5, "codename": "delete_contenttype"}}, {"model": "auth.permission", "pk": 20, "fields": {"name": "Can view content type", "content_type": 5, "codename": "view_contenttype"}}, {"model": "auth.permission", "pk": 21, "fields": {"name": "Can add session", "content_type": 6, "codename": "add_session"}}, {"model": "auth.permission", "pk": 22, "fields": {"name": "Can change session", "content_type": 6, "codename": "change_session"}}, {"model": "auth.permission", "pk": 23, "fields": {"name": "Can delete session", "content_type": 6, "codename": "delete_session"}}, {"model": "auth.permission", "pk": 24, "fields": {"name": "Can view session", "content_type": 6, "codename": "view_session"}}, {"model": "auth.permission", "pk": 25, "fields": {"name": "Can add area", "content_type": 7, "codename": "add_area"}}, {"model": "auth.permission", "pk": 26, "fields": {"name": "Can change area", "content_type": 7, "codename": "change_area"}}, {"model": "auth.permission", "pk": 27, "fields": {"name": "Can delete area", "content_type": 7, "codename": "delete_area"}}, {"model": "auth.permission", "pk": 28, "fields": {"name": "Can view area", "content_type": 7, "codename": "view_area"}}, {"model": "auth.permission", "pk": 29, "fields": {"name": "Can add article", "content_type": 8, "codename": "add_article"}}, {"model": "auth.permission", "pk": 30, "fields": {"name": "Can change article", "content_type": 8, "codename": "change_article"}}, {"model": "auth.permission", "pk": 31, "fields": {"name": "Can delete article", "content_type": 8, "codename": "delete_article"}}, {"model": "auth.permission", "pk": 32, "fields": {"name": "Can view article", "content_type": 8, "codename": "view_article"}}, {"model": "auth.permission", "pk": 33, "fields": {"name": "Can add city", "content_type": 9, "codename": "add_city"}}, {"model": "auth.permission", "pk": 34, "fields": {"name": "Can change city", "content_type": 9, "codename": "change_city"}}, {"model": "auth.permission", "pk": 35, "fields": {"name": "Can delete city", "content_type": 9, "codename": "delete_city"}}, {"model": "auth.permission", "pk": 36, "fields": {"name": "Can view city", "content_type": 9, "codename": "view_city"}}, {"model": "auth.permission", "pk": 37, "fields": {"name": "Can add links", "content_type": 10, "codename": "add_links"}}, {"model": "auth.permission", "pk": 38, "fields": {"name": "Can change links", "content_type": 10, "codename": "change_links"}}, {"model": "auth.permission", "pk": 39, "fields": {"name": "Can delete links", "content_type": 10, "codename": "delete_links"}}, {"model": "auth.permission", "pk": 40, "fields": {"name": "Can view links", "content_type": 10, "codename": "view_links"}}, {"model": "auth.permission", "pk": 41, "fields": {"name": "Can add others", "content_type": 11, "codename": "add_others"}}, {"model": "auth.permission", "pk": 42, "fields": {"name": "Can change others", "content_type": 11, "codename": "change_others"}}, {"model": "auth.permission", "pk": 43, "fields": {"name": "Can delete others", "content_type": 11, "codename": "delete_others"}}, {"model": "auth.permission", "pk": 44, "fields": {"name": "Can view others", "content_type": 11, "codename": "view_others"}}, {"model": "auth.permission", "pk": 45, "fields": {"name": "Can add state", "content_type": 12, "codename": "add_state"}}, {"model": "auth.permission", "pk": 46, "fields": {"name": "Can change state", "content_type": 12, "codename": "change_state"}}, {"model": "auth.permission", "pk": 47, "fields": {"name": "Can delete state", "content_type": 12, "codename": "delete_state"}}, {"model": "auth.permission", "pk": 48, "fields": {"name": "Can view state", "content_type": 12, "codename": "view_state"}}, {"model": "auth.permission", "pk": 49, "fields": {"name": "Can add type", "content_type": 13, "codename": "add_type"}}, {"model": "auth.permission", "pk": 50, "fields": {"name": "Can change type", "content_type": 13, "codename": "change_type"}}, {"model": "auth.permission", "pk": 51, "fields": {"name": "Can delete type", "content_type": 13, "codename": "delete_type"}}, {"model": "auth.permission", "pk": 52, "fields": {"name": "Can view type", "content_type": 13, "codename": "view_type"}}, {"model": "auth.permission", "pk": 53, "fields": {"name": "Can add tele call doctors", "content_type": 14, "codename": "add_telecalldoctors"}}, {"model": "auth.permission", "pk": 54, "fields": {"name": "Can change tele call doctors", "content_type": 14, "codename": "change_telecalldoctors"}}, {"model": "auth.permission", "pk": 55, "fields": {"name": "Can delete tele call doctors", "content_type": 14, "codename": "delete_telecalldoctors"}}, {"model": "auth.permission", "pk": 56, "fields": {"name": "Can view tele call doctors", "content_type": 14, "codename": "view_telecalldoctors"}}, {"model": "auth.permission", "pk": 57, "fields": {"name": "Can add paramedics", "content_type": 15, "codename": "add_paramedics"}}, {"model": "auth.permission", "pk": 58, "fields": {"name": "Can change paramedics", "content_type": 15, "codename": "change_paramedics"}}, {"model": "auth.permission", "pk": 59, "fields": {"name": "Can delete paramedics", "content_type": 15, "codename": "delete_paramedics"}}, {"model": "auth.permission", "pk": 60, "fields": {"name": "Can view paramedics", "content_type": 15, "codename": "view_paramedics"}}, {"model": "auth.permission", "pk": 61, "fields": {"name": "Can add Doctor", "content_type": 16, "codename": "add_doctor"}}, {"model": "auth.permission", "pk": 62, "fields": {"name": "Can change Doctor", "content_type": 16, "codename": "change_doctor"}}, {"model": "auth.permission", "pk": 63, "fields": {"name": "Can delete Doctor", "content_type": 16, "codename": "delete_doctor"}}, {"model": "auth.permission", "pk": 64, "fields": {"name": "Can view Doctor", "content_type": 16, "codename": "view_doctor"}}, {"model": "auth.permission", "pk": 65, "fields": {"name": "Can add customer", "content_type": 17, "codename": "add_customer"}}, {"model": "auth.permission", "pk": 66, "fields": {"name": "Can change customer", "content_type": 17, "codename": "change_customer"}}, {"model": "auth.permission", "pk": 67, "fields": {"name": "Can delete customer", "content_type": 17, "codename": "delete_customer"}}, {"model": "auth.permission", "pk": 68, "fields": {"name": "Can view customer", "content_type": 17, "codename": "view_customer"}}, {"model": "auth.permission", "pk": 69, "fields": {"name": "Can add appointments", "content_type": 18, "codename": "add_appointments"}}, {"model": "auth.permission", "pk": 70, "fields": {"name": "Can change appointments", "content_type": 18, "codename": "change_appointments"}}, {"model": "auth.permission", "pk": 71, "fields": {"name": "Can delete appointments", "content_type": 18, "codename": "delete_appointments"}}, {"model": "auth.permission", "pk": 72, "fields": {"name": "Can view appointments", "content_type": 18, "codename": "view_appointments"}}, {"model": "auth.permission", "pk": 73, "fields": {"name": "Can add paramedic bookings", "content_type": 19, "codename": "add_paramedicbookings"}}, {"model": "auth.permission", "pk": 74, "fields": {"name": "Can change paramedic bookings", "content_type": 19, "codename": "change_paramedicbookings"}}, {"model": "auth.permission", "pk": 75, "fields": {"name": "Can delete paramedic bookings", "content_type": 19, "codename": "delete_paramedicbookings"}}, {"model": "auth.permission", "pk": 76, "fields": {"name": "Can view paramedic bookings", "content_type": 19, "codename": "view_paramedicbookings"}}, {"model": "auth.permission", "pk": 77, "fields": {"name": "Can add prescription", "content_type": 20, "codename": "add_prescription"}}, {"model": "auth.permission", "pk": 78, "fields": {"name": "Can change prescription", "content_type": 20, "codename": "change_prescription"}}, {"model": "auth.permission", "pk": 79, "fields": {"name": "Can delete prescription", "content_type": 20, "codename": "delete_prescription"}}, {"model": "auth.permission", "pk": 80, "fields": {"name": "Can view prescription", "content_type": 20, "codename": "view_prescription"}}, {"model": "auth.permission", "pk": 81, "fields": {"name": "Can add terms", "content_type": 21, "codename": "add_terms"}}, {"model": "auth.permission", "pk": 82, "fields": {"name": "Can change terms", "content_type": 21, "codename": "change_terms"}}, {"model": "auth.permission", "pk": 83, "fields": {"name": "Can delete terms", "content_type": 21, "codename": "delete_terms"}}, {"model": "auth.permission", "pk": 84, "fields": {"name": "Can view terms", "content_type": 21, "codename": "view_terms"}}, {"model": "auth.permission", "pk": 85, "fields": {"name": "Can add medicine", "content_type": 22, "codename": "add_medicine"}}, {"model": "auth.permission", "pk": 86, "fields": {"name": "Can change medicine", "content_type": 22, "codename": "change_medicine"}}, {"model": "auth.permission", "pk": 87, "fields": {"name": "Can delete medicine", "content_type": 22, "codename": "delete_medicine"}}, {"model": "auth.permission", "pk": 88, "fields": {"name": "Can view medicine", "content_type": 22, "codename": "view_medicine"}}, {"model": "auth.user", "pk": 1, "fields": {"password": "pbkdf2_sha256$180000$OfTEWxFgsuog$ObpOjo0KezQbAdl1dF+e/C2Da5xFVwKLD4FGm9Ila5Q=", "last_login": "2020-08-02T08:05:14.919Z", "is_superuser": true, "username": "admin", "first_name": "", "last_name": "", "email": "admin@pdochealth.com", "is_staff": true, "is_active": true, "date_joined": "2020-06-21T13:18:00.456Z", "groups": [], "user_permissions": []}}, {"model": "auth.user", "pk": 11, "fields": {"password": "pbkdf2_sha256$150000$d9f2vi2OnZdz$Zf0RQ82jdqVlOfl2RwD6YtaSrmWuSiHMuMkttMoi9xk=", "last_login": "2020-07-15T16:05:09.227Z", "is_superuser": false, "username": "customer1@gmail.com", "first_name": "", "last_name": "", "email": "", "is_staff": false, "is_active": true, "date_joined": "2020-07-14T11:22:51.750Z", "groups": [], "user_permissions": []}}, {"model": "auth.user", "pk": 12, "fields": {"password": "pbkdf2_sha256$150000$O0qD52mevqrW$Nk7E+zzfAKghaLOlZ+9gvWKiT9o1SdTf8clVzwf82nw=", "last_login": "2020-07-15T15:01:10.298Z", "is_superuser": false, "username": "customer3@gmail.com", "first_name": "", "last_name": "", "email": "", "is_staff": false, "is_active": true, "date_joined": "2020-07-15T15:01:09.807Z", "groups": [], "user_permissions": []}}, {"model": "auth.user", "pk": 13, "fields": {"password": "pbkdf2_sha256$150000$PDQxnKbAQ9va$kOdoQkPRYpDwMUvYBDgLJ6x+nXdW3UCBnPWVb37XfRI=", "last_login": "2020-07-25T15:42:16.670Z", "is_superuser": false, "username": "customer4@gmail.com", "first_name": "", "last_name": "", "email": "", "is_staff": false, "is_active": true, "date_joined": "2020-07-15T15:24:33.924Z", "groups": [], "user_permissions": []}}, {"model": "auth.user", "pk": 14, "fields": {"password": "pbkdf2_sha256$180000$quDq4wkUqSkl$fb/XXUUTONPqC1evGYJWsZPF16dhB8SsKjLdolwWSLQ=", "last_login": "2020-08-02T07:03:28.275Z", "is_superuser": false, "username": "customer5@gmail.com", "first_name": "", "last_name": "", "email": "", "is_staff": false, "is_active": true, "date_joined": "2020-07-15T15:31:22.986Z", "groups": [], "user_permissions": []}}, {"model": "auth.user", "pk": 16, "fields": {"password": "pbkdf2_sha256$180000$HPwGyVVSgd6U$ZDvVthk2nNjJcy1fVwSiQN8XDBKN48IcmHOC9mzWrwM=", "last_login": "2020-07-31T20:55:35.283Z", "is_superuser": false, "username": "satyajit.rath@gmail.com", "first_name": "", "last_name": "", "email": "", "is_staff": false, "is_active": true, "date_joined": "2020-07-16T02:31:39.942Z", "groups": [], "user_permissions": []}}, {"model": "auth.user", "pk": 17, "fields": {"password": "pbkdf2_sha256$180000$Mgw0RPoF16sQ$q6gDiWndh5td4gRe8ypxiuianL7cBY7ev1qs5uAymys=", "last_login": "2020-07-18T13:14:51.135Z", "is_superuser": false, "username": "chidanandadash@gmail.com", "first_name": "", "last_name": "", "email": "", "is_staff": false, "is_active": true, "date_joined": "2020-07-18T13:14:50.772Z", "groups": [], "user_permissions": []}}, {"model": "auth.user", "pk": 18, "fields": {"password": "pbkdf2_sha256$180000$WqfJJZ3pYSbv$2RN1xWPqbGg3teaOxvWIxZyfVZlMj6aNs2osPRVGiPM=", "last_login": "2020-08-02T04:39:20.473Z", "is_superuser": false, "username": "aditya.jena@gmail.com", "first_name": "", "last_name": "", "email": "", "is_staff": false, "is_active": true, "date_joined": "2020-07-29T08:32:49.887Z", "groups": [], "user_permissions": []}}, {"model": "auth.user", "pk": 19, "fields": {"password": "pbkdf2_sha256$180000$lQYPAQ5K0LQs$J41PneuOgEMCYLez7d+Nadx/rb5mThiwRwZ9B/yBHWQ=", "last_login": "2020-08-02T07:55:36.470Z", "is_superuser": false, "username": "rajca65@yhoo.com", "first_name": "", "last_name": "", "email": "", "is_staff": false, "is_active": true, "date_joined": "2020-08-01T06:08:09.862Z", "groups": [], "user_permissions": []}}, {"model": "app.customer", "pk": 9, "fields": {"user_id": 11, "name": "customer 1", "phone": "9874563210", "query": "leg pains", "email": "customer1@gmail.com", "password": "password", "razor_pay_order_id": "order_FEMEkAocpsplCh", "datetime": "2020-07-31T16:39:37.669Z"}}, {"model": "app.customer", "pk": 10, "fields": {"user_id": 12, "name": "customer3", "phone": "797865432", "query": "Pain in the stomach", "email": "customer3@gmail.com", "password": "password", "razor_pay_order_id": "order_FEoUUUogH4O6FM", "datetime": "2020-07-31T16:39:37.669Z"}}, {"model": "app.customer", "pk": 11, "fields": {"user_id": 13, "name": "customer4", "phone": "8249619206", "query": "testiwng...", "email": "customer4@gmail.com", "password": "password", "razor_pay_order_id": "order_FEotC9KeRsE3Sp", "datetime": "2020-07-31T16:39:37.669Z"}}, {"model": "app.customer", "pk": 12, "fields": {"user_id": 14, "name": "customer5", "phone": "8249619206", "query": "testing again", "email": "customer5@gmail.com", "password": "password", "razor_pay_order_id": "order_FEp0OHx57z4tkT", "datetime": "2020-07-31T16:39:37.669Z"}}, {"model": "app.customer", "pk": 14, "fields": {"user_id": 16, "name": "Satyajit Rath", "phone": "8249619206", "query": "headache", "email": "satyajit.rath@gmail.com", "password": "password", "razor_pay_order_id": "order_FF0Fru1iGuZh7v", "datetime": "2020-07-31T16:39:37.669Z"}}, {"model": "app.customer", "pk": 15, "fields": {"user_id": 17, "name": "Chidananda Das", "phone": "9437187444", "query": "Headache", "email": "chidanandadash@gmail.com", "password": "password", "razor_pay_order_id": "order_FFyHWZF33kHheF", "datetime": "2020-07-31T16:39:37.669Z"}}, {"model": "app.customer", "pk": 16, "fields": {"user_id": 18, "name": "Adi", "phone": "9876543210", "query": "Headache", "email": "aditya.jena@gmail.com", "password": "password", "razor_pay_order_id": "order_FKFLwjryDqwrxt", "datetime": "2020-07-31T16:39:37.669Z"}}, {"model": "app.customer", "pk": 17, "fields": {"user_id": 19, "name": "Rajanikanta sahu", "phone": "7751857385", "query": "I have throat pain \nDifficult to take food", "email": "rajca65@yhoo.com", "password": "sanjay001@", "razor_pay_order_id": "order_FLOUUZCEs8t4bH", "datetime": "2020-08-01T06:08:11.336Z"}}, {"model": "admin.logentry", "pk": 1, "fields": {"action_time": "2020-06-21T13:20:12.710Z", "user": 1, "content_type": 13, "object_id": "1", "object_repr": "Physiotherapist", "action_flag": 1, "change_message": "[{\"added\": {}}]"}}, {"model": "admin.logentry", "pk": 2, "fields": {"action_time": "2020-06-21T13:20:32.762Z", "user": 1, "content_type": 15, "object_id": "1", "object_repr": "Paramedics object (1)", "action_flag": 1, "change_message": "[{\"added\": {}}]"}}, {"model": "admin.logentry", "pk": 3, "fields": {"action_time": "2020-06-21T13:23:26.434Z", "user": 1, "content_type": 13, "object_id": "2", "object_repr": "Diagnostics", "action_flag": 1, "change_message": "[{\"added\": {}}]"}}, {"model": "admin.logentry", "pk": 4, "fields": {"action_time": "2020-06-21T13:23:35.913Z", "user": 1, "content_type": 15, "object_id": "2", "object_repr": "Rasmiranjan Pradhan (Diagnostics)", "action_flag": 1, "change_message": "[{\"added\": {}}]"}}, {"model": "admin.logentry", "pk": 5, "fields": {"action_time": "2020-06-21T13:26:55.743Z", "user": 1, "content_type": 13, "object_id": "2", "object_repr": "Diagnostics", "action_flag": 2, "change_message": "[{\"changed\": {\"fields\": [\"type_category\"]}}]"}}, {"model": "admin.logentry", "pk": 6, "fields": {"action_time": "2020-06-21T13:28:03.492Z", "user": 1, "content_type": 13, "object_id": "1", "object_repr": "Physiotherapist", "action_flag": 2, "change_message": "[{\"changed\": {\"fields\": [\"type_category\"]}}]"}}, {"model": "admin.logentry", "pk": 7, "fields": {"action_time": "2020-06-21T13:29:02.875Z", "user": 1, "content_type": 13, "object_id": "3", "object_repr": "Test Doctor", "action_flag": 1, "change_message": "[{\"added\": {}}]"}}, {"model": "admin.logentry", "pk": 8, "fields": {"action_time": "2020-06-21T13:29:23.970Z", "user": 1, "content_type": 12, "object_id": "1", "object_repr": "Odisha", "action_flag": 1, "change_message": "[{\"added\": {}}]"}}, {"model": "admin.logentry", "pk": 9, "fields": {"action_time": "2020-06-21T13:29:57.480Z", "user": 1, "content_type": 9, "object_id": "1", "object_repr": "Bhubaneswar", "action_flag": 1, "change_message": "[{\"added\": {}}]"}}, {"model": "admin.logentry", "pk": 10, "fields": {"action_time": "2020-06-21T13:30:10.471Z", "user": 1, "content_type": 7, "object_id": "1", "object_repr": "Infocity", "action_flag": 1, "change_message": "[{\"added\": {}}]"}}, {"model": "admin.logentry", "pk": 11, "fields": {"action_time": "2020-06-21T13:31:01.682Z", "user": 1, "content_type": 16, "object_id": "1", "object_repr": "Saswath Mishra", "action_flag": 1, "change_message": "[{\"added\": {}}]"}}, {"model": "admin.logentry", "pk": 12, "fields": {"action_time": "2020-06-22T15:08:56.409Z", "user": 1, "content_type": 11, "object_id": "1", "object_repr": "term", "action_flag": 1, "change_message": "[{\"added\": {}}]"}}, {"model": "admin.logentry", "pk": 13, "fields": {"action_time": "2020-06-22T15:11:06.880Z", "user": 1, "content_type": 11, "object_id": "1", "object_repr": "terms", "action_flag": 2, "change_message": "[{\"changed\": {\"fields\": [\"name\"]}}]"}}, {"model": "admin.logentry", "pk": 14, "fields": {"action_time": "2020-06-26T17:37:21.415Z", "user": 1, "content_type": 13, "object_id": "4", "object_repr": "Test Type", "action_flag": 1, "change_message": "[{\"added\": {}}]"}}, {"model": "admin.logentry", "pk": 15, "fields": {"action_time": "2020-06-26T17:37:56.406Z", "user": 1, "content_type": 16, "object_id": "2", "object_repr": "Shradha Singh", "action_flag": 1, "change_message": "[{\"added\": {}}]"}}, {"model": "admin.logentry", "pk": 16, "fields": {"action_time": "2020-06-28T09:49:09.894Z", "user": 1, "content_type": 13, "object_id": "5", "object_repr": "Health and Fitness Advisor", "action_flag": 1, "change_message": "[{\"added\": {}}]"}}, {"model": "admin.logentry", "pk": 17, "fields": {"action_time": "2020-06-28T09:52:28.141Z", "user": 1, "content_type": 13, "object_id": "6", "object_repr": "Clinical Therapist", "action_flag": 1, "change_message": "[{\"added\": {}}]"}}, {"model": "admin.logentry", "pk": 18, "fields": {"action_time": "2020-06-28T09:54:04.014Z", "user": 1, "content_type": 13, "object_id": "7", "object_repr": "Yoga Guru", "action_flag": 1, "change_message": "[{\"added\": {}}]"}}, {"model": "admin.logentry", "pk": 19, "fields": {"action_time": "2020-06-28T09:56:18.246Z", "user": 1, "content_type": 13, "object_id": "8", "object_repr": "Drug House", "action_flag": 1, "change_message": "[{\"added\": {}}]"}}, {"model": "admin.logentry", "pk": 20, "fields": {"action_time": "2020-06-28T10:20:35.554Z", "user": 1, "content_type": 4, "object_id": "2", "object_repr": "saswath@gmail.com", "action_flag": 3, "change_message": ""}}, {"model": "admin.logentry", "pk": 21, "fields": {"action_time": "2020-06-28T10:22:27.127Z", "user": 1, "content_type": 17, "object_id": "2", "object_repr": "Saswath Mishra", "action_flag": 3, "change_message": ""}}, {"model": "admin.logentry", "pk": 22, "fields": {"action_time": "2020-06-28T10:23:56.259Z", "user": 1, "content_type": 4, "object_id": "3", "object_repr": "saswath@gmail.com", "action_flag": 3, "change_message": ""}}, {"model": "admin.logentry", "pk": 23, "fields": {"action_time": "2020-06-28T10:51:32.471Z", "user": 1, "content_type": 15, "object_id": "8", "object_repr": "Chetan Kumar (Diagnostics)", "action_flag": 2, "change_message": "[{\"changed\": {\"fields\": [\"available_from\", \"available_to\", \"address\"]}}]"}}, {"model": "admin.logentry", "pk": 24, "fields": {"action_time": "2020-06-28T11:02:52.883Z", "user": 1, "content_type": 13, "object_id": "8", "object_repr": "Drug House", "action_flag": 2, "change_message": "[{\"changed\": {\"fields\": [\"image\"]}}]"}}, {"model": "admin.logentry", "pk": 25, "fields": {"action_time": "2020-06-28T11:03:13.200Z", "user": 1, "content_type": 13, "object_id": "7", "object_repr": "Yoga Guru", "action_flag": 2, "change_message": "[{\"changed\": {\"fields\": [\"image\"]}}]"}}, {"model": "admin.logentry", "pk": 26, "fields": {"action_time": "2020-06-28T11:03:25.158Z", "user": 1, "content_type": 13, "object_id": "6", "object_repr": "Clinical Therapist", "action_flag": 2, "change_message": "[{\"changed\": {\"fields\": [\"image\"]}}]"}}, {"model": "admin.logentry", "pk": 27, "fields": {"action_time": "2020-06-28T11:03:31.858Z", "user": 1, "content_type": 13, "object_id": "5", "object_repr": "Health and Fitness Advisor", "action_flag": 2, "change_message": "[{\"changed\": {\"fields\": [\"image\"]}}]"}}, {"model": "admin.logentry", "pk": 28, "fields": {"action_time": "2020-06-28T11:03:38.446Z", "user": 1, "content_type": 13, "object_id": "4", "object_repr": "Test Type", "action_flag": 2, "change_message": "[{\"changed\": {\"fields\": [\"image\"]}}]"}}, {"model": "admin.logentry", "pk": 29, "fields": {"action_time": "2020-06-28T11:03:45.384Z", "user": 1, "content_type": 13, "object_id": "3", "object_repr": "Test Doctor", "action_flag": 2, "change_message": "[{\"changed\": {\"fields\": [\"image\"]}}]"}}, {"model": "admin.logentry", "pk": 30, "fields": {"action_time": "2020-06-28T11:03:54.524Z", "user": 1, "content_type": 13, "object_id": "2", "object_repr": "Diagnostics", "action_flag": 2, "change_message": "[{\"changed\": {\"fields\": [\"image\"]}}]"}}, {"model": "admin.logentry", "pk": 31, "fields": {"action_time": "2020-06-28T11:04:01.207Z", "user": 1, "content_type": 13, "object_id": "1", "object_repr": "Physiotherapist", "action_flag": 2, "change_message": "[{\"changed\": {\"fields\": [\"image\"]}}]"}}, {"model": "admin.logentry", "pk": 32, "fields": {"action_time": "2020-06-28T11:45:54.944Z", "user": 1, "content_type": 13, "object_id": "9", "object_repr": "Health and Fitness Advisor", "action_flag": 1, "change_message": "[{\"added\": {}}]"}}, {"model": "admin.logentry", "pk": 33, "fields": {"action_time": "2020-06-28T11:46:48.621Z", "user": 1, "content_type": 13, "object_id": "10", "object_repr": "Diagnostics", "action_flag": 1, "change_message": "[{\"added\": {}}]"}}, {"model": "admin.logentry", "pk": 34, "fields": {"action_time": "2020-06-28T11:47:15.795Z", "user": 1, "content_type": 13, "object_id": "2", "object_repr": "Diagnostics", "action_flag": 3, "change_message": ""}}, {"model": "admin.logentry", "pk": 35, "fields": {"action_time": "2020-06-28T11:47:44.680Z", "user": 1, "content_type": 13, "object_id": "10", "object_repr": "Diagnostics", "action_flag": 2, "change_message": "[{\"changed\": {\"fields\": [\"image\"]}}]"}}, {"model": "admin.logentry", "pk": 36, "fields": {"action_time": "2020-06-28T11:48:08.288Z", "user": 1, "content_type": 13, "object_id": "10", "object_repr": "Diagnostics", "action_flag": 2, "change_message": "[{\"changed\": {\"fields\": [\"image\"]}}]"}}, {"model": "admin.logentry", "pk": 37, "fields": {"action_time": "2020-06-28T11:48:38.323Z", "user": 1, "content_type": 13, "object_id": "10", "object_repr": "Diagnostics", "action_flag": 3, "change_message": ""}}, {"model": "admin.logentry", "pk": 38, "fields": {"action_time": "2020-06-28T11:48:38.465Z", "user": 1, "content_type": 13, "object_id": "8", "object_repr": "Drug House", "action_flag": 3, "change_message": ""}}, {"model": "admin.logentry", "pk": 39, "fields": {"action_time": "2020-06-28T11:48:38.554Z", "user": 1, "content_type": 13, "object_id": "7", "object_repr": "Yoga Guru", "action_flag": 3, "change_message": ""}}, {"model": "admin.logentry", "pk": 40, "fields": {"action_time": "2020-06-28T11:48:38.654Z", "user": 1, "content_type": 13, "object_id": "6", "object_repr": "Clinical Therapist", "action_flag": 3, "change_message": ""}}, {"model": "admin.logentry", "pk": 41, "fields": {"action_time": "2020-06-28T11:48:38.754Z", "user": 1, "content_type": 13, "object_id": "4", "object_repr": "Test Type", "action_flag": 3, "change_message": ""}}, {"model": "admin.logentry", "pk": 42, "fields": {"action_time": "2020-06-28T11:48:38.842Z", "user": 1, "content_type": 13, "object_id": "3", "object_repr": "Test Doctor", "action_flag": 3, "change_message": ""}}, {"model": "admin.logentry", "pk": 43, "fields": {"action_time": "2020-06-28T11:48:38.932Z", "user": 1, "content_type": 13, "object_id": "1", "object_repr": "Physiotherapist", "action_flag": 3, "change_message": ""}}, {"model": "admin.logentry", "pk": 44, "fields": {"action_time": "2020-06-28T11:48:55.483Z", "user": 1, "content_type": 13, "object_id": "5", "object_repr": "Health and Fitness Advisor", "action_flag": 3, "change_message": ""}}, {"model": "admin.logentry", "pk": 45, "fields": {"action_time": "2020-06-28T11:49:31.085Z", "user": 1, "content_type": 13, "object_id": "11", "object_repr": "Diagnostics", "action_flag": 1, "change_message": "[{\"added\": {}}]"}}, {"model": "admin.logentry", "pk": 46, "fields": {"action_time": "2020-06-28T11:50:56.317Z", "user": 1, "content_type": 13, "object_id": "12", "object_repr": "Yoga Guru", "action_flag": 1, "change_message": "[{\"added\": {}}]"}}, {"model": "admin.logentry", "pk": 47, "fields": {"action_time": "2020-06-28T11:51:19.501Z", "user": 1, "content_type": 13, "object_id": "13", "object_repr": "Physiotherapist", "action_flag": 1, "change_message": "[{\"added\": {}}]"}}, {"model": "admin.logentry", "pk": 48, "fields": {"action_time": "2020-06-28T11:51:44.335Z", "user": 1, "content_type": 13, "object_id": "14", "object_repr": "Clinical Psychiatry", "action_flag": 1, "change_message": "[{\"added\": {}}]"}}, {"model": "admin.logentry", "pk": 49, "fields": {"action_time": "2020-06-28T11:52:10.353Z", "user": 1, "content_type": 13, "object_id": "15", "object_repr": "Pharmacies", "action_flag": 1, "change_message": "[{\"added\": {}}]"}}, {"model": "admin.logentry", "pk": 50, "fields": {"action_time": "2020-06-28T11:56:25.162Z", "user": 1, "content_type": 13, "object_id": "16", "object_repr": "Ayurveda", "action_flag": 1, "change_message": "[{\"added\": {}}]"}}, {"model": "admin.logentry", "pk": 51, "fields": {"action_time": "2020-06-28T11:57:58.561Z", "user": 1, "content_type": 13, "object_id": "17", "object_repr": "Urology, MS (Surgery)", "action_flag": 1, "change_message": "[{\"added\": {}}]"}}, {"model": "admin.logentry", "pk": 52, "fields": {"action_time": "2020-06-28T11:59:05.967Z", "user": 1, "content_type": 13, "object_id": "18", "object_repr": "DNB Orthopedics", "action_flag": 1, "change_message": "[{\"added\": {}}]"}}, {"model": "admin.logentry", "pk": 53, "fields": {"action_time": "2020-06-28T12:00:28.519Z", "user": 1, "content_type": 13, "object_id": "19", "object_repr": "Dentist", "action_flag": 1, "change_message": "[{\"added\": {}}]"}}, {"model": "admin.logentry", "pk": 54, "fields": {"action_time": "2020-06-28T12:01:43.197Z", "user": 1, "content_type": 13, "object_id": "20", "object_repr": "Radiology", "action_flag": 1, "change_message": "[{\"added\": {}}]"}}, {"model": "admin.logentry", "pk": 55, "fields": {"action_time": "2020-06-28T12:02:26.371Z", "user": 1, "content_type": 13, "object_id": "21", "object_repr": "Pediatrics", "action_flag": 1, "change_message": "[{\"added\": {}}]"}}, {"model": "admin.logentry", "pk": 56, "fields": {"action_time": "2020-06-28T12:03:14.060Z", "user": 1, "content_type": 13, "object_id": "22", "object_repr": "Ophthalmology(Eye Department)", "action_flag": 1, "change_message": "[{\"added\": {}}]"}}, {"model": "admin.logentry", "pk": 57, "fields": {"action_time": "2020-06-28T12:05:04.322Z", "user": 1, "content_type": 13, "object_id": "23", "object_repr": "Obstetrics & Gynecology", "action_flag": 1, "change_message": "[{\"added\": {}}]"}}, {"model": "admin.logentry", "pk": 58, "fields": {"action_time": "2020-06-28T12:05:49.479Z", "user": 1, "content_type": 13, "object_id": "24", "object_repr": "Neurology", "action_flag": 1, "change_message": "[{\"added\": {}}]"}}, {"model": "admin.logentry", "pk": 59, "fields": {"action_time": "2020-06-28T12:06:55.453Z", "user": 1, "content_type": 13, "object_id": "25", "object_repr": "Infertility Care", "action_flag": 1, "change_message": "[{\"added\": {}}]"}}, {"model": "admin.logentry", "pk": 60, "fields": {"action_time": "2020-06-28T12:14:08.800Z", "user": 1, "content_type": 13, "object_id": "26", "object_repr": "ENT", "action_flag": 1, "change_message": "[{\"added\": {}}]"}}, {"model": "admin.logentry", "pk": 61, "fields": {"action_time": "2020-06-28T12:39:33.530Z", "user": 1, "content_type": 13, "object_id": "27", "object_repr": "Orthopedics", "action_flag": 1, "change_message": "[{\"added\": {}}]"}}, {"model": "admin.logentry", "pk": 62, "fields": {"action_time": "2020-06-28T12:43:03.214Z", "user": 1, "content_type": 12, "object_id": "2", "object_repr": "West Bengal", "action_flag": 1, "change_message": "[{\"added\": {}}]"}}, {"model": "admin.logentry", "pk": 63, "fields": {"action_time": "2020-06-28T12:43:06.845Z", "user": 1, "content_type": 9, "object_id": "2", "object_repr": "Kolkata", "action_flag": 1, "change_message": "[{\"added\": {}}]"}}, {"model": "admin.logentry", "pk": 64, "fields": {"action_time": "2020-06-28T12:43:26.367Z", "user": 1, "content_type": 7, "object_id": "2", "object_repr": "Raghunathpur", "action_flag": 1, "change_message": "[{\"added\": {}}]"}}, {"model": "admin.logentry", "pk": 65, "fields": {"action_time": "2020-06-28T12:46:09.992Z", "user": 1, "content_type": 16, "object_id": "1", "object_repr": "Dr Subham Sri Sabat", "action_flag": 1, "change_message": "[{\"added\": {}}]"}}, {"model": "admin.logentry", "pk": 66, "fields": {"action_time": "2020-06-28T12:49:14.773Z", "user": 1, "content_type": 7, "object_id": "3", "object_repr": "Kalinganagar", "action_flag": 1, "change_message": "[{\"added\": {}}]"}}, {"model": "admin.logentry", "pk": 67, "fields": {"action_time": "2020-06-28T12:50:23.340Z", "user": 1, "content_type": 16, "object_id": "2", "object_repr": "Dr Debabrata Sabat", "action_flag": 1, "change_message": "[{\"added\": {}}]"}}, {"model": "admin.logentry", "pk": 68, "fields": {"action_time": "2020-06-28T12:52:02.504Z", "user": 1, "content_type": 7, "object_id": "4", "object_repr": "Nalconagar", "action_flag": 1, "change_message": "[{\"added\": {}}]"}}, {"model": "admin.logentry", "pk": 69, "fields": {"action_time": "2020-06-28T12:53:07.410Z", "user": 1, "content_type": 16, "object_id": "3", "object_repr": "Dr Srikant Mishra", "action_flag": 1, "change_message": "[{\"added\": {}}]"}}, {"model": "admin.logentry", "pk": 70, "fields": {"action_time": "2020-06-28T12:55:31.741Z", "user": 1, "content_type": 7, "object_id": "5", "object_repr": "AG Colony", "action_flag": 1, "change_message": "[{\"added\": {}}]"}}, {"model": "admin.logentry", "pk": 71, "fields": {"action_time": "2020-06-28T12:55:44.165Z", "user": 1, "content_type": 16, "object_id": "4", "object_repr": "Dr Sthitaprajna lenka", "action_flag": 1, "change_message": "[{\"added\": {}}]"}}, {"model": "admin.logentry", "pk": 72, "fields": {"action_time": "2020-06-28T12:56:58.948Z", "user": 1, "content_type": 16, "object_id": "5", "object_repr": "Dr Satyaswarup Jena", "action_flag": 1, "change_message": "[{\"added\": {}}]"}}, {"model": "admin.logentry", "pk": 73, "fields": {"action_time": "2020-06-28T12:58:37.041Z", "user": 1, "content_type": 16, "object_id": "6", "object_repr": "Dr Pratik", "action_flag": 1, "change_message": "[{\"added\": {}}]"}}, {"model": "admin.logentry", "pk": 74, "fields": {"action_time": "2020-06-28T12:59:39.336Z", "user": 1, "content_type": 16, "object_id": "7", "object_repr": "Dr Loly Patnaik", "action_flag": 1, "change_message": "[{\"added\": {}}]"}}, {"model": "admin.logentry", "pk": 75, "fields": {"action_time": "2020-06-28T13:01:18.114Z", "user": 1, "content_type": 16, "object_id": "8", "object_repr": "Dr Padmalaya Thakur", "action_flag": 1, "change_message": "[{\"added\": {}}]"}}, {"model": "admin.logentry", "pk": 76, "fields": {"action_time": "2020-06-28T13:04:27.029Z", "user": 1, "content_type": 13, "object_id": "28", "object_repr": "Skin and VD", "action_flag": 1, "change_message": "[{\"added\": {}}]"}}, {"model": "admin.logentry", "pk": 77, "fields": {"action_time": "2020-06-28T13:04:58.560Z", "user": 1, "content_type": 7, "object_id": "6", "object_repr": "Nayapalli", "action_flag": 1, "change_message": "[{\"added\": {}}]"}}, {"model": "admin.logentry", "pk": 78, "fields": {"action_time": "2020-06-28T13:05:04.312Z", "user": 1, "content_type": 16, "object_id": "9", "object_repr": "Dr Rabinarayan Nanda", "action_flag": 1, "change_message": "[{\"added\": {}}]"}}, {"model": "admin.logentry", "pk": 79, "fields": {"action_time": "2020-06-28T13:06:07.825Z", "user": 1, "content_type": 7, "object_id": "7", "object_repr": "Chandrashekharpur", "action_flag": 1, "change_message": "[{\"added\": {}}]"}}, {"model": "admin.logentry", "pk": 80, "fields": {"action_time": "2020-06-28T13:06:22.592Z", "user": 1, "content_type": 16, "object_id": "10", "object_repr": "Dr. Babita Panda", "action_flag": 1, "change_message": "[{\"added\": {}}]"}}, {"model": "admin.logentry", "pk": 81, "fields": {"action_time": "2020-06-28T13:07:33.998Z", "user": 1, "content_type": 16, "object_id": "11", "object_repr": "Dr. Santosh Swain", "action_flag": 1, "change_message": "[{\"added\": {}}]"}}, {"model": "admin.logentry", "pk": 82, "fields": {"action_time": "2020-06-28T13:08:29.115Z", "user": 1, "content_type": 16, "object_id": "12", "object_repr": "Dr. Dillip Kumar Dash", "action_flag": 1, "change_message": "[{\"added\": {}}]"}}, {"model": "admin.logentry", "pk": 83, "fields": {"action_time": "2020-06-28T13:09:24.832Z", "user": 1, "content_type": 16, "object_id": "13", "object_repr": "Dr. Binod Raulo", "action_flag": 1, "change_message": "[{\"added\": {}}]"}}, {"model": "admin.logentry", "pk": 84, "fields": {"action_time": "2020-06-28T13:15:40.356Z", "user": 1, "content_type": 15, "object_id": "1", "object_repr": "Rasmiranjan Pradhan (Diagnostics)", "action_flag": 1, "change_message": "[{\"added\": {}}]"}}, {"model": "admin.logentry", "pk": 85, "fields": {"action_time": "2020-06-28T13:17:08.914Z", "user": 1, "content_type": 15, "object_id": "2", "object_repr": "Anil Kumar Panigrahy (Physiotherapist)", "action_flag": 1, "change_message": "[{\"added\": {}}]"}}, {"model": "admin.logentry", "pk": 86, "fields": {"action_time": "2020-06-28T13:18:08.576Z", "user": 1, "content_type": 13, "object_id": "17", "object_repr": "Urology", "action_flag": 2, "change_message": "[{\"changed\": {\"fields\": [\"name\"]}}]"}}, {"model": "admin.logentry", "pk": 87, "fields": {"action_time": "2020-06-28T13:18:35.514Z", "user": 1, "content_type": 13, "object_id": "22", "object_repr": "Ophthalmology", "action_flag": 2, "change_message": "[{\"changed\": {\"fields\": [\"name\", \"description\"]}}]"}}, {"model": "admin.logentry", "pk": 88, "fields": {"action_time": "2020-06-28T13:18:54.245Z", "user": 1, "content_type": 13, "object_id": "23", "object_repr": "Obstetrics and Gynecology", "action_flag": 2, "change_message": "[{\"changed\": {\"fields\": [\"name\", \"description\"]}}]"}}, {"model": "admin.logentry", "pk": 89, "fields": {"action_time": "2020-06-28T13:43:16.206Z", "user": 1, "content_type": 8, "object_id": "1", "object_repr": "Article object (1)", "action_flag": 1, "change_message": "[{\"added\": {}}]"}}, {"model": "admin.logentry", "pk": 90, "fields": {"action_time": "2020-06-28T13:47:55.932Z", "user": 1, "content_type": 8, "object_id": "1", "object_repr": "Being Social..... thankfully its the Brain!", "action_flag": 2, "change_message": "[{\"changed\": {\"fields\": [\"slug\"]}}]"}}, {"model": "admin.logentry", "pk": 91, "fields": {"action_time": "2020-06-28T14:14:13.105Z", "user": 1, "content_type": 10, "object_id": "1", "object_repr": "PDOC is now recognized by Startup Odisha", "action_flag": 1, "change_message": "[{\"added\": {}}]"}}, {"model": "admin.logentry", "pk": 92, "fields": {"action_time": "2020-06-28T14:14:35.752Z", "user": 1, "content_type": 10, "object_id": "2", "object_repr": "https://www.pdochealth.com/static/page1.jpg", "action_flag": 1, "change_message": "[{\"added\": {}}]"}}, {"model": "admin.logentry", "pk": 93, "fields": {"action_time": "2020-06-28T14:15:09.808Z", "user": 1, "content_type": 10, "object_id": "3", "object_repr": "MCI(Medical Council of India)", "action_flag": 1, "change_message": "[{\"added\": {}}]"}}, {"model": "admin.logentry", "pk": 94, "fields": {"action_time": "2020-06-28T14:15:36.156Z", "user": 1, "content_type": 10, "object_id": "4", "object_repr": "Statistics Of Corona Virus in India", "action_flag": 1, "change_message": "[{\"added\": {}}]"}}, {"model": "admin.logentry", "pk": 95, "fields": {"action_time": "2020-06-28T14:15:55.742Z", "user": 1, "content_type": 10, "object_id": "5", "object_repr": "Rolling Updates on COVID-19", "action_flag": 1, "change_message": "[{\"added\": {}}]"}}, {"model": "admin.logentry", "pk": 96, "fields": {"action_time": "2020-06-28T14:34:25.305Z", "user": 1, "content_type": 11, "object_id": "1", "object_repr": "terms", "action_flag": 2, "change_message": "[{\"changed\": {\"fields\": [\"value\"]}}]"}}, {"model": "admin.logentry", "pk": 97, "fields": {"action_time": "2020-06-28T14:37:47.517Z", "user": 1, "content_type": 11, "object_id": "1", "object_repr": "terms", "action_flag": 2, "change_message": "[{\"changed\": {\"fields\": [\"value\"]}}]"}}, {"model": "admin.logentry", "pk": 98, "fields": {"action_time": "2020-06-28T14:39:23.461Z", "user": 1, "content_type": 10, "object_id": "2", "object_repr": "PDOC is now recognized by Startup Odisha", "action_flag": 2, "change_message": "[{\"changed\": {\"fields\": [\"title\", \"url\"]}}]"}}, {"model": "admin.logentry", "pk": 99, "fields": {"action_time": "2020-06-28T14:56:03.989Z", "user": 1, "content_type": 18, "object_id": "1", "object_repr": "1", "action_flag": 2, "change_message": "[]"}}, {"model": "admin.logentry", "pk": 100, "fields": {"action_time": "2020-07-01T17:04:01.172Z", "user": 1, "content_type": 16, "object_id": "13", "object_repr": "Dr. Binod Raulo", "action_flag": 2, "change_message": "[{\"changed\": {\"fields\": [\"education\", \"videoconferencing\"]}}]"}}, {"model": "admin.logentry", "pk": 101, "fields": {"action_time": "2020-07-01T17:36:41.449Z", "user": 1, "content_type": 18, "object_id": "3", "object_repr": "3", "action_flag": 3, "change_message": ""}}, {"model": "admin.logentry", "pk": 102, "fields": {"action_time": "2020-07-01T17:36:41.671Z", "user": 1, "content_type": 18, "object_id": "2", "object_repr": "2", "action_flag": 3, "change_message": ""}}, {"model": "admin.logentry", "pk": 103, "fields": {"action_time": "2020-07-01T17:36:41.748Z", "user": 1, "content_type": 18, "object_id": "1", "object_repr": "1", "action_flag": 3, "change_message": ""}}, {"model": "admin.logentry", "pk": 104, "fields": {"action_time": "2020-07-08T04:25:42.832Z", "user": 1, "content_type": 18, "object_id": "5", "object_repr": "5", "action_flag": 2, "change_message": "[{\"changed\": {\"fields\": [\"slug\"]}}]"}}, {"model": "admin.logentry", "pk": 105, "fields": {"action_time": "2020-07-08T04:25:47.238Z", "user": 1, "content_type": 18, "object_id": "4", "object_repr": "4", "action_flag": 2, "change_message": "[{\"changed\": {\"fields\": [\"slug\"]}}]"}}, {"model": "admin.logentry", "pk": 106, "fields": {"action_time": "2020-07-08T07:45:35.913Z", "user": 1, "content_type": 18, "object_id": "6", "object_repr": "6", "action_flag": 3, "change_message": ""}}, {"model": "admin.logentry", "pk": 107, "fields": {"action_time": "2020-07-08T07:45:36.187Z", "user": 1, "content_type": 18, "object_id": "5", "object_repr": "5", "action_flag": 3, "change_message": ""}}, {"model": "admin.logentry", "pk": 108, "fields": {"action_time": "2020-07-08T07:45:36.276Z", "user": 1, "content_type": 18, "object_id": "4", "object_repr": "4", "action_flag": 3, "change_message": ""}}, {"model": "admin.logentry", "pk": 109, "fields": {"action_time": "2020-07-09T16:56:45.035Z", "user": 1, "content_type": 18, "object_id": "8", "object_repr": "8", "action_flag": 3, "change_message": ""}}, {"model": "admin.logentry", "pk": 110, "fields": {"action_time": "2020-07-09T17:15:14.146Z", "user": 1, "content_type": 18, "object_id": "7", "object_repr": "7", "action_flag": 3, "change_message": ""}}, {"model": "admin.logentry", "pk": 111, "fields": {"action_time": "2020-07-09T17:16:08.457Z", "user": 1, "content_type": 18, "object_id": "9", "object_repr": "9", "action_flag": 2, "change_message": "[{\"changed\": {\"fields\": [\"status\"]}}]"}}, {"model": "admin.logentry", "pk": 112, "fields": {"action_time": "2020-07-09T17:22:15.968Z", "user": 1, "content_type": 18, "object_id": "9", "object_repr": "9", "action_flag": 2, "change_message": "[{\"changed\": {\"fields\": [\"status\"]}}]"}}, {"model": "admin.logentry", "pk": 113, "fields": {"action_time": "2020-07-09T17:22:24.900Z", "user": 1, "content_type": 18, "object_id": "9", "object_repr": "9", "action_flag": 2, "change_message": "[]"}}, {"model": "admin.logentry", "pk": 114, "fields": {"action_time": "2020-07-09T17:24:06.099Z", "user": 1, "content_type": 18, "object_id": "9", "object_repr": "9", "action_flag": 2, "change_message": "[{\"changed\": {\"fields\": [\"time\"]}}]"}}, {"model": "admin.logentry", "pk": 115, "fields": {"action_time": "2020-07-09T17:25:50.491Z", "user": 1, "content_type": 18, "object_id": "9", "object_repr": "9", "action_flag": 2, "change_message": "[]"}}, {"model": "admin.logentry", "pk": 116, "fields": {"action_time": "2020-07-14T09:38:06.868Z", "user": 1, "content_type": 17, "object_id": "4", "object_repr": "customer1", "action_flag": 3, "change_message": ""}}, {"model": "admin.logentry", "pk": 117, "fields": {"action_time": "2020-07-14T09:38:27.258Z", "user": 1, "content_type": 4, "object_id": "5", "object_repr": "customer1@gmail.com", "action_flag": 3, "change_message": ""}}, {"model": "admin.logentry", "pk": 118, "fields": {"action_time": "2020-07-14T09:47:54.137Z", "user": 1, "content_type": 4, "object_id": "6", "object_repr": "c1@gmail.com", "action_flag": 3, "change_message": ""}}, {"model": "admin.logentry", "pk": 119, "fields": {"action_time": "2020-07-14T10:36:42.394Z", "user": 1, "content_type": 17, "object_id": "5", "object_repr": "Customer 1", "action_flag": 3, "change_message": ""}}, {"model": "admin.logentry", "pk": 120, "fields": {"action_time": "2020-07-14T10:36:56.360Z", "user": 1, "content_type": 4, "object_id": "7", "object_repr": "customer1@gmail.com", "action_flag": 3, "change_message": ""}}, {"model": "admin.logentry", "pk": 121, "fields": {"action_time": "2020-07-14T11:17:25.090Z", "user": 1, "content_type": 17, "object_id": "7", "object_repr": "customer2", "action_flag": 3, "change_message": ""}}, {"model": "admin.logentry", "pk": 122, "fields": {"action_time": "2020-07-14T11:17:25.197Z", "user": 1, "content_type": 17, "object_id": "6", "object_repr": "customer 1", "action_flag": 3, "change_message": ""}}, {"model": "admin.logentry", "pk": 123, "fields": {"action_time": "2020-07-14T11:17:40.264Z", "user": 1, "content_type": 4, "object_id": "8", "object_repr": "Customer1@gmail.com", "action_flag": 3, "change_message": ""}}, {"model": "admin.logentry", "pk": 124, "fields": {"action_time": "2020-07-14T11:17:40.462Z", "user": 1, "content_type": 4, "object_id": "9", "object_repr": "customer2@gmail.com", "action_flag": 3, "change_message": ""}}, {"model": "admin.logentry", "pk": 125, "fields": {"action_time": "2020-07-14T11:17:47.332Z", "user": 1, "content_type": 4, "object_id": "4", "object_repr": "saswath@gmail.com", "action_flag": 3, "change_message": ""}}, {"model": "admin.logentry", "pk": 126, "fields": {"action_time": "2020-07-14T11:21:54.940Z", "user": 1, "content_type": 17, "object_id": "8", "object_repr": "customer 1", "action_flag": 3, "change_message": ""}}, {"model": "admin.logentry", "pk": 127, "fields": {"action_time": "2020-07-14T11:22:13.373Z", "user": 1, "content_type": 4, "object_id": "10", "object_repr": "customer1@gmail.com", "action_flag": 3, "change_message": ""}}, {"model": "admin.logentry", "pk": 128, "fields": {"action_time": "2020-07-14T11:39:57.129Z", "user": 1, "content_type": 17, "object_id": "9", "object_repr": "customer 1", "action_flag": 2, "change_message": "[]"}}, {"model": "admin.logentry", "pk": 129, "fields": {"action_time": "2020-07-16T02:30:24.689Z", "user": 1, "content_type": 4, "object_id": "15", "object_repr": "satyajit.rath@gmail.com", "action_flag": 3, "change_message": ""}}, {"model": "admin.logentry", "pk": 130, "fields": {"action_time": "2020-07-19T07:13:20.360Z", "user": 1, "content_type": 18, "object_id": "14", "object_repr": "14", "action_flag": 3, "change_message": ""}}, {"model": "admin.logentry", "pk": 131, "fields": {"action_time": "2020-07-19T07:16:02.580Z", "user": 1, "content_type": 18, "object_id": "15", "object_repr": "15", "action_flag": 3, "change_message": ""}}, {"model": "admin.logentry", "pk": 132, "fields": {"action_time": "2020-07-19T07:17:05.357Z", "user": 1, "content_type": 18, "object_id": "16", "object_repr": "16", "action_flag": 3, "change_message": ""}}, {"model": "admin.logentry", "pk": 133, "fields": {"action_time": "2020-07-19T07:19:20.528Z", "user": 1, "content_type": 18, "object_id": "13", "object_repr": "13", "action_flag": 3, "change_message": ""}}, {"model": "admin.logentry", "pk": 134, "fields": {"action_time": "2020-07-19T07:20:22.204Z", "user": 1, "content_type": 18, "object_id": "17", "object_repr": "17", "action_flag": 3, "change_message": ""}}, {"model": "admin.logentry", "pk": 135, "fields": {"action_time": "2020-07-29T08:38:22.135Z", "user": 1, "content_type": 18, "object_id": "21", "object_repr": "21", "action_flag": 1, "change_message": "[{\"added\": {}}]"}}, {"model": "admin.logentry", "pk": 136, "fields": {"action_time": "2020-07-29T21:15:19.593Z", "user": 1, "content_type": 18, "object_id": "18", "object_repr": "18", "action_flag": 2, "change_message": "[{\"changed\": {\"fields\": [\"query\", \"count\"]}}]"}}, {"model": "admin.logentry", "pk": 137, "fields": {"action_time": "2020-07-29T21:30:23.827Z", "user": 1, "content_type": 20, "object_id": "4", "object_repr": "Prescription object (4)", "action_flag": 2, "change_message": "[{\"changed\": {\"fields\": [\"lunch\"]}}]"}}, {"model": "admin.logentry", "pk": 138, "fields": {"action_time": "2020-07-31T17:33:38.032Z", "user": 1, "content_type": 21, "object_id": "1", "object_repr": "Terms object (1)", "action_flag": 1, "change_message": "[{\"added\": {}}]"}}, {"model": "admin.logentry", "pk": 139, "fields": {"action_time": "2020-07-31T17:34:58.875Z", "user": 1, "content_type": 21, "object_id": "2", "object_repr": "2020-07-31 17:34:58.874878+00:00", "action_flag": 1, "change_message": "[{\"added\": {}}]"}}, {"model": "admin.logentry", "pk": 140, "fields": {"action_time": "2020-07-31T17:35:52.839Z", "user": 1, "content_type": 21, "object_id": "2", "object_repr": "2020-07-31 17:34:58.874878+00:00", "action_flag": 3, "change_message": ""}}, {"model": "admin.logentry", "pk": 141, "fields": {"action_time": "2020-07-31T19:22:45.683Z", "user": 1, "content_type": 20, "object_id": "4", "object_repr": "Prescription object (4)", "action_flag": 3, "change_message": ""}}, {"model": "admin.logentry", "pk": 142, "fields": {"action_time": "2020-07-31T19:22:45.837Z", "user": 1, "content_type": 20, "object_id": "3", "object_repr": "Prescription object (3)", "action_flag": 3, "change_message": ""}}, {"model": "admin.logentry", "pk": 143, "fields": {"action_time": "2020-07-31T19:22:45.903Z", "user": 1, "content_type": 20, "object_id": "2", "object_repr": "Prescription object (2)", "action_flag": 3, "change_message": ""}}, {"model": "admin.logentry", "pk": 144, "fields": {"action_time": "2020-07-31T19:22:45.981Z", "user": 1, "content_type": 20, "object_id": "1", "object_repr": "Prescription object (1)", "action_flag": 3, "change_message": ""}}, {"model": "admin.logentry", "pk": 145, "fields": {"action_time": "2020-07-31T19:24:51.606Z", "user": 1, "content_type": 20, "object_id": "6", "object_repr": "Prescription object (6)", "action_flag": 3, "change_message": ""}}, {"model": "admin.logentry", "pk": 146, "fields": {"action_time": "2020-07-31T19:24:51.748Z", "user": 1, "content_type": 20, "object_id": "5", "object_repr": "Prescription object (5)", "action_flag": 3, "change_message": ""}}, {"model": "admin.logentry", "pk": 147, "fields": {"action_time": "2020-07-31T20:06:59.858Z", "user": 1, "content_type": 18, "object_id": "21", "object_repr": "21", "action_flag": 2, "change_message": "[{\"changed\": {\"fields\": [\"status\"]}}]"}}, {"model": "admin.logentry", "pk": 148, "fields": {"action_time": "2020-07-31T20:21:16.299Z", "user": 1, "content_type": 18, "object_id": "21", "object_repr": "21", "action_flag": 2, "change_message": "[{\"changed\": {\"fields\": [\"status\"]}}]"}}, {"model": "admin.logentry", "pk": 149, "fields": {"action_time": "2020-07-31T20:21:42.063Z", "user": 1, "content_type": 18, "object_id": "21", "object_repr": "21", "action_flag": 2, "change_message": "[{\"changed\": {\"fields\": [\"status\"]}}]"}}, {"model": "admin.logentry", "pk": 150, "fields": {"action_time": "2020-07-31T20:27:04.901Z", "user": 1, "content_type": 18, "object_id": "21", "object_repr": "21", "action_flag": 2, "change_message": "[{\"changed\": {\"fields\": [\"status\"]}}]"}}, {"model": "admin.logentry", "pk": 151, "fields": {"action_time": "2020-07-31T20:28:44.113Z", "user": 1, "content_type": 18, "object_id": "12", "object_repr": "12", "action_flag": 2, "change_message": "[{\"changed\": {\"fields\": [\"status\"]}}]"}}, {"model": "admin.logentry", "pk": 152, "fields": {"action_time": "2020-07-31T20:28:57.225Z", "user": 1, "content_type": 18, "object_id": "12", "object_repr": "12", "action_flag": 2, "change_message": "[{\"changed\": {\"fields\": [\"status\"]}}]"}}, {"model": "admin.logentry", "pk": 153, "fields": {"action_time": "2020-07-31T20:29:13.346Z", "user": 1, "content_type": 18, "object_id": "10", "object_repr": "10", "action_flag": 2, "change_message": "[{\"changed\": {\"fields\": [\"status\"]}}]"}}, {"model": "admin.logentry", "pk": 154, "fields": {"action_time": "2020-07-31T20:29:17.933Z", "user": 1, "content_type": 18, "object_id": "10", "object_repr": "10", "action_flag": 2, "change_message": "[{\"changed\": {\"fields\": [\"status\"]}}]"}}, {"model": "admin.logentry", "pk": 155, "fields": {"action_time": "2020-07-31T20:29:31.586Z", "user": 1, "content_type": 18, "object_id": "21", "object_repr": "21", "action_flag": 2, "change_message": "[{\"changed\": {\"fields\": [\"status\"]}}]"}}, {"model": "admin.logentry", "pk": 156, "fields": {"action_time": "2020-07-31T20:39:44.363Z", "user": 1, "content_type": 18, "object_id": "21", "object_repr": "21", "action_flag": 2, "change_message": "[{\"changed\": {\"fields\": [\"status\"]}}]"}}, {"model": "admin.logentry", "pk": 157, "fields": {"action_time": "2020-07-31T20:53:35.655Z", "user": 1, "content_type": 18, "object_id": "20", "object_repr": "20", "action_flag": 3, "change_message": ""}}, {"model": "admin.logentry", "pk": 158, "fields": {"action_time": "2020-07-31T20:53:43.362Z", "user": 1, "content_type": 18, "object_id": "19", "object_repr": "19", "action_flag": 3, "change_message": ""}}, {"model": "admin.logentry", "pk": 159, "fields": {"action_time": "2020-08-02T04:33:18.559Z", "user": 1, "content_type": 16, "object_id": "8", "object_repr": "Dr Padmalaya Thakur", "action_flag": 2, "change_message": "[{\"changed\": {\"fields\": [\"Practice id\", \"Education\"]}}]"}}, {"model": "admin.logentry", "pk": 160, "fields": {"action_time": "2020-08-02T05:20:03.009Z", "user": 1, "content_type": 18, "object_id": "24", "object_repr": "24", "action_flag": 3, "change_message": ""}}, {"model": "admin.logentry", "pk": 161, "fields": {"action_time": "2020-08-02T05:53:09.145Z", "user": 1, "content_type": 18, "object_id": "23", "object_repr": "23", "action_flag": 2, "change_message": "[{\"changed\": {\"fields\": [\"Time\"]}}]"}}, {"model": "admin.logentry", "pk": 162, "fields": {"action_time": "2020-08-02T07:41:08.086Z", "user": 1, "content_type": 18, "object_id": "23", "object_repr": "23", "action_flag": 2, "change_message": "[{\"changed\": {\"fields\": [\"Status\"]}}]"}}]