[{"model": "contenttypes.contenttype", "pk": 1, "fields": {"app_label": "admin", "model": "logentry"}}, {"model": "contenttypes.contenttype", "pk": 2, "fields": {"app_label": "auth", "model": "permission"}}, {"model": "contenttypes.contenttype", "pk": 3, "fields": {"app_label": "auth", "model": "group"}}, {"model": "contenttypes.contenttype", "pk": 4, "fields": {"app_label": "auth", "model": "user"}}, {"model": "contenttypes.contenttype", "pk": 5, "fields": {"app_label": "contenttypes", "model": "contenttype"}}, {"model": "contenttypes.contenttype", "pk": 6, "fields": {"app_label": "sessions", "model": "session"}}, {"model": "contenttypes.contenttype", "pk": 7, "fields": {"app_label": "app", "model": "city"}}, {"model": "contenttypes.contenttype", "pk": 8, "fields": {"app_label": "app", "model": "state"}}, {"model": "contenttypes.contenttype", "pk": 9, "fields": {"app_label": "app", "model": "type"}}, {"model": "contenttypes.contenttype", "pk": 10, "fields": {"app_label": "app", "model": "doctor"}}, {"model": "contenttypes.contenttype", "pk": 11, "fields": {"app_label": "app", "model": "area"}}, {"model": "contenttypes.contenttype", "pk": 12, "fields": {"app_label": "app", "model": "telecalldoctors"}}, {"model": "contenttypes.contenttype", "pk": 13, "fields": {"app_label": "app", "model": "links"}}, {"model": "contenttypes.contenttype", "pk": 14, "fields": {"app_label": "app", "model": "customer"}}, {"model": "contenttypes.contenttype", "pk": 15, "fields": {"app_label": "app", "model": "diagnostics"}}, {"model": "contenttypes.contenttype", "pk": 16, "fields": {"app_label": "app", "model": "drughouse"}}, {"model": "contenttypes.contenttype", "pk": 17, "fields": {"app_label": "app", "model": "paramedics"}}, {"model": "contenttypes.contenttype", "pk": 18, "fields": {"app_label": "app", "model": "physiotherapist"}}, {"model": "contenttypes.contenttype", "pk": 19, "fields": {"app_label": "app", "model": "yogaguru"}}, {"model": "contenttypes.contenttype", "pk": 20, "fields": {"app_label": "app", "model": "clinicalpsychiatry"}}, {"model": "contenttypes.contenttype", "pk": 21, "fields": {"app_label": "app", "model": "healthfitnessadvisor"}}, {"model": "contenttypes.contenttype", "pk": 22, "fields": {"app_label": "app", "model": "others"}}, {"model": "sessions.session", "pk": "1lqvvl3397wh7j01y16a1hkzespe1m6e", "fields": {"session_data": "MWJhYTM4ZTEzZGRiMDE2YmJjOGM3YTk0MWQ1MDg0ZmJlOTQ3YWY4Nzp7Il9hdXRoX3VzZXJfaWQiOiI1IiwiX2F1dGhfdXNlcl9iYWNrZW5kIjoiZGphbmdvLmNvbnRyaWIuYXV0aC5iYWNrZW5kcy5Nb2RlbEJhY2tlbmQiLCJfYXV0aF91c2VyX2hhc2giOiJjZTFlMDIyYjJiZGUzNzZhYWJhOGViMDQ0YTk4YjUwNjlmNTc1Yjk0In0=", "expire_date": "2020-05-22T09:55:40.496Z"}}, {"model": "sessions.session", "pk": "1vw7h2fmfiarl082rrbeefiv7eug2xqz", "fields": {"session_data": "OWQ4ZDMxYTBjNWIxZDRlMjM5M2UzNjdiMTk5YjUwYmE5ODA5ZWYzZTp7Il9hdXRoX3VzZXJfaWQiOiIxIiwiX2F1dGhfdXNlcl9iYWNrZW5kIjoiZGphbmdvLmNvbnRyaWIuYXV0aC5iYWNrZW5kcy5Nb2RlbEJhY2tlbmQiLCJfYXV0aF91c2VyX2hhc2giOiI4ZjJlOTMzYzJmNzk3M2ZhYzdjODZjNmJlZDgzY2U4MTVjNjEzMTcwIn0=", "expire_date": "2020-06-14T15:49:54.796Z"}}, {"model": "sessions.session", "pk": "3ltli7rz5edg1fk1wdmxkp6lky5wyvjd", "fields": {"session_data": "NmJhNmE2MzJjOWIxZTU3ZTA3ZjdkMTE1MjJlZGNiYjBjMWQwNGU3MTp7Il9hdXRoX3VzZXJfaWQiOiIxMCIsIl9hdXRoX3VzZXJfYmFja2VuZCI6ImRqYW5nby5jb250cmliLmF1dGguYmFja2VuZHMuTW9kZWxCYWNrZW5kIiwiX2F1dGhfdXNlcl9oYXNoIjoiZTc4OTFjMTlhNWNjZWM2OGE4NTU4Njc1NzE2Mjg3NzI2OWNhMWYxYyJ9", "expire_date": "2020-06-13T03:25:16.863Z"}}, {"model": "sessions.session", "pk": "4048h06e3bzbcbhnot3r5opmvk4hp9e1", "fields": {"session_data": "MjU1MjI3ODE2NjE1ODFiNjlhN2M5MDI1MmFlNmU3NWExNDY3ZWY2OTp7Il9hdXRoX3VzZXJfaWQiOiIxIiwiX2F1dGhfdXNlcl9iYWNrZW5kIjoiZGphbmdvLmNvbnRyaWIuYXV0aC5iYWNrZW5kcy5Nb2RlbEJhY2tlbmQiLCJfYXV0aF91c2VyX2hhc2giOiI3NTQ0MjBiNjQxNmI0NzhjNjBhNjI3NGExNmIwODJlNTZmMjBjYWY0In0=", "expire_date": "2020-05-13T01:39:45.058Z"}}, {"model": "sessions.session", "pk": "60hyq328r1p3bzif1w3wl0n4kzgk3x6m", "fields": {"session_data": "MjU1MjI3ODE2NjE1ODFiNjlhN2M5MDI1MmFlNmU3NWExNDY3ZWY2OTp7Il9hdXRoX3VzZXJfaWQiOiIxIiwiX2F1dGhfdXNlcl9iYWNrZW5kIjoiZGphbmdvLmNvbnRyaWIuYXV0aC5iYWNrZW5kcy5Nb2RlbEJhY2tlbmQiLCJfYXV0aF91c2VyX2hhc2giOiI3NTQ0MjBiNjQxNmI0NzhjNjBhNjI3NGExNmIwODJlNTZmMjBjYWY0In0=", "expire_date": "2020-05-14T09:31:51.393Z"}}, {"model": "sessions.session", "pk": "7b7v3omotfkii2pgehrqr1x0ei2af4ae", "fields": {"session_data": "MWJhYTM4ZTEzZGRiMDE2YmJjOGM3YTk0MWQ1MDg0ZmJlOTQ3YWY4Nzp7Il9hdXRoX3VzZXJfaWQiOiI1IiwiX2F1dGhfdXNlcl9iYWNrZW5kIjoiZGphbmdvLmNvbnRyaWIuYXV0aC5iYWNrZW5kcy5Nb2RlbEJhY2tlbmQiLCJfYXV0aF91c2VyX2hhc2giOiJjZTFlMDIyYjJiZGUzNzZhYWJhOGViMDQ0YTk4YjUwNjlmNTc1Yjk0In0=", "expire_date": "2020-05-29T07:05:18.196Z"}}, {"model": "sessions.session", "pk": "9hs4fyasbj8s1qxof1573bptyfyb9wvp", "fields": {"session_data": "MmM0MjQ2YTg1YmYzODAyMzQ5OTNjODgyNzM0YTU2MjE1NjI3OGU3ZDp7Il9hdXRoX3VzZXJfaWQiOiI5IiwiX2F1dGhfdXNlcl9iYWNrZW5kIjoiZGphbmdvLmNvbnRyaWIuYXV0aC5iYWNrZW5kcy5Nb2RlbEJhY2tlbmQiLCJfYXV0aF91c2VyX2hhc2giOiI2NjE4NWJkNGI4NmQ2YmY2ZDliM2NkYmMzYTJlZDY5ZGYyMDg3OTQzIn0=", "expire_date": "2020-05-16T09:45:18.643Z"}}, {"model": "sessions.session", "pk": "fbjftaorrut8pyaelynv95rebjccr0k1", "fields": {"session_data": "OWQ4ZDMxYTBjNWIxZDRlMjM5M2UzNjdiMTk5YjUwYmE5ODA5ZWYzZTp7Il9hdXRoX3VzZXJfaWQiOiIxIiwiX2F1dGhfdXNlcl9iYWNrZW5kIjoiZGphbmdvLmNvbnRyaWIuYXV0aC5iYWNrZW5kcy5Nb2RlbEJhY2tlbmQiLCJfYXV0aF91c2VyX2hhc2giOiI4ZjJlOTMzYzJmNzk3M2ZhYzdjODZjNmJlZDgzY2U4MTVjNjEzMTcwIn0=", "expire_date": "2020-05-26T17:25:36.463Z"}}, {"model": "sessions.session", "pk": "ftvv73sf058t1oo81mfrbhp6zltc5zxs", "fields": {"session_data": "MWJhYTM4ZTEzZGRiMDE2YmJjOGM3YTk0MWQ1MDg0ZmJlOTQ3YWY4Nzp7Il9hdXRoX3VzZXJfaWQiOiI1IiwiX2F1dGhfdXNlcl9iYWNrZW5kIjoiZGphbmdvLmNvbnRyaWIuYXV0aC5iYWNrZW5kcy5Nb2RlbEJhY2tlbmQiLCJfYXV0aF91c2VyX2hhc2giOiJjZTFlMDIyYjJiZGUzNzZhYWJhOGViMDQ0YTk4YjUwNjlmNTc1Yjk0In0=", "expire_date": "2020-05-10T18:13:03.624Z"}}, {"model": "sessions.session", "pk": "gt5znra6vzag5slf7vecrjvzwd6766ow", "fields": {"session_data": "Yjg1YTQ4N2UxMmIxMGVhZmEyOGM1YTQ3NjdiMzFhZjk3MDkzY2M4NTp7Il9hdXRoX3VzZXJfaWQiOiIxIiwiX2F1dGhfdXNlcl9iYWNrZW5kIjoiZGphbmdvLmNvbnRyaWIuYXV0aC5iYWNrZW5kcy5Nb2RlbEJhY2tlbmQiLCJfYXV0aF91c2VyX2hhc2giOiJiYmZlNGUwYzQ2NGE4NWJlYzNlMDU0M2Q2ZTQzODEwNDQzZmFkZTJjIn0=", "expire_date": "2020-05-08T09:05:19.978Z"}}, {"model": "sessions.session", "pk": "jw7wy10q8084nhzypkvi9pdewx35ymnn", "fields": {"session_data": "MjU1MjI3ODE2NjE1ODFiNjlhN2M5MDI1MmFlNmU3NWExNDY3ZWY2OTp7Il9hdXRoX3VzZXJfaWQiOiIxIiwiX2F1dGhfdXNlcl9iYWNrZW5kIjoiZGphbmdvLmNvbnRyaWIuYXV0aC5iYWNrZW5kcy5Nb2RlbEJhY2tlbmQiLCJfYXV0aF91c2VyX2hhc2giOiI3NTQ0MjBiNjQxNmI0NzhjNjBhNjI3NGExNmIwODJlNTZmMjBjYWY0In0=", "expire_date": "2020-05-23T07:15:27.956Z"}}, {"model": "sessions.session", "pk": "jzx0hwvwenawhvobeqgqq593zsw6itmg", "fields": {"session_data": "MjU1MjI3ODE2NjE1ODFiNjlhN2M5MDI1MmFlNmU3NWExNDY3ZWY2OTp7Il9hdXRoX3VzZXJfaWQiOiIxIiwiX2F1dGhfdXNlcl9iYWNrZW5kIjoiZGphbmdvLmNvbnRyaWIuYXV0aC5iYWNrZW5kcy5Nb2RlbEJhY2tlbmQiLCJfYXV0aF91c2VyX2hhc2giOiI3NTQ0MjBiNjQxNmI0NzhjNjBhNjI3NGExNmIwODJlNTZmMjBjYWY0In0=", "expire_date": "2020-05-10T17:47:30.420Z"}}, {"model": "sessions.session", "pk": "k73lz8iyvln1pwg5ynnu7q9y1xy1ex5m", "fields": {"session_data": "ODIyY2Y4NjUzM2ZkNmRkYjI5NDY2MmEwYTBjMjJlNGI2NzU4ODBmNDp7Il9hdXRoX3VzZXJfaWQiOiIxIiwiX2F1dGhfdXNlcl9iYWNrZW5kIjoiZGphbmdvLmNvbnRyaWIuYXV0aC5iYWNrZW5kcy5Nb2RlbEJhY2tlbmQiLCJfYXV0aF91c2VyX2hhc2giOiJlZjBlZjcyOWM4NjhmYmFiMGU4ZThiYTgzYmEwZjBkYzA5MjJjOWQ5In0=", "expire_date": "2020-03-27T21:49:39.230Z"}}, {"model": "sessions.session", "pk": "lctxeparv85oex5knzaccujn8wlivgi0", "fields": {"session_data": "MGM3MTBjNjAzN2YyNjMwOWE3MGM1NWQ3MTMyZWRlNGViOWVmMzljNzp7Il9hdXRoX3VzZXJfaWQiOiI4IiwiX2F1dGhfdXNlcl9iYWNrZW5kIjoiZGphbmdvLmNvbnRyaWIuYXV0aC5iYWNrZW5kcy5Nb2RlbEJhY2tlbmQiLCJfYXV0aF91c2VyX2hhc2giOiI5ZGE4ZjkzODAzZDVkNGQzNjNjOGZiNGNlMGZhNWI0MmE2Mjc2YThiIn0=", "expire_date": "2020-05-15T14:47:37.380Z"}}, {"model": "sessions.session", "pk": "llvkor4mfsxndyoat8i2slqtr3lxf7jj", "fields": {"session_data": "Yjg1YTQ4N2UxMmIxMGVhZmEyOGM1YTQ3NjdiMzFhZjk3MDkzY2M4NTp7Il9hdXRoX3VzZXJfaWQiOiIxIiwiX2F1dGhfdXNlcl9iYWNrZW5kIjoiZGphbmdvLmNvbnRyaWIuYXV0aC5iYWNrZW5kcy5Nb2RlbEJhY2tlbmQiLCJfYXV0aF91c2VyX2hhc2giOiJiYmZlNGUwYzQ2NGE4NWJlYzNlMDU0M2Q2ZTQzODEwNDQzZmFkZTJjIn0=", "expire_date": "2020-05-08T11:16:19.907Z"}}, {"model": "sessions.session", "pk": "pt0g9h4i54exwytkpkjqbk6wcs3b1x3r", "fields": {"session_data": "ODIyY2Y4NjUzM2ZkNmRkYjI5NDY2MmEwYTBjMjJlNGI2NzU4ODBmNDp7Il9hdXRoX3VzZXJfaWQiOiIxIiwiX2F1dGhfdXNlcl9iYWNrZW5kIjoiZGphbmdvLmNvbnRyaWIuYXV0aC5iYWNrZW5kcy5Nb2RlbEJhY2tlbmQiLCJfYXV0aF91c2VyX2hhc2giOiJlZjBlZjcyOWM4NjhmYmFiMGU4ZThiYTgzYmEwZjBkYzA5MjJjOWQ5In0=", "expire_date": "2020-03-23T07:57:28.914Z"}}, {"model": "sessions.session", "pk": "s9m4ts1dva9cn75e9rvcyy3eg4gj0x7a", "fields": {"session_data": "OWQ4ZDMxYTBjNWIxZDRlMjM5M2UzNjdiMTk5YjUwYmE5ODA5ZWYzZTp7Il9hdXRoX3VzZXJfaWQiOiIxIiwiX2F1dGhfdXNlcl9iYWNrZW5kIjoiZGphbmdvLmNvbnRyaWIuYXV0aC5iYWNrZW5kcy5Nb2RlbEJhY2tlbmQiLCJfYXV0aF91c2VyX2hhc2giOiI4ZjJlOTMzYzJmNzk3M2ZhYzdjODZjNmJlZDgzY2U4MTVjNjEzMTcwIn0=", "expire_date": "2020-06-08T06:26:01.094Z"}}, {"model": "sessions.session", "pk": "vetjwldw89nsjjhlzyym5rd2rq0yriim", "fields": {"session_data": "MWJhYTM4ZTEzZGRiMDE2YmJjOGM3YTk0MWQ1MDg0ZmJlOTQ3YWY4Nzp7Il9hdXRoX3VzZXJfaWQiOiI1IiwiX2F1dGhfdXNlcl9iYWNrZW5kIjoiZGphbmdvLmNvbnRyaWIuYXV0aC5iYWNrZW5kcy5Nb2RlbEJhY2tlbmQiLCJfYXV0aF91c2VyX2hhc2giOiJjZTFlMDIyYjJiZGUzNzZhYWJhOGViMDQ0YTk4YjUwNjlmNTc1Yjk0In0=", "expire_date": "2020-06-13T04:10:42.223Z"}}, {"model": "app.type", "pk": 3, "fields": {"name": "Orthopedics", "description": "Orthopedics", "status": true}}, {"model": "app.type", "pk": 4, "fields": {"name": "Pediatrics", "description": "Pediatrics", "status": true}}, {"model": "app.type", "pk": 7, "fields": {"name": "ENT", "description": "ent", "status": true}}, {"model": "app.type", "pk": 9, "fields": {"name": "Infertility Specialist", "description": "Infertility Specialist", "status": true}}, {"model": "app.type", "pk": 10, "fields": {"name": "skin & vd", "description": "skin & vd", "status": true}}, {"model": "app.type", "pk": 14, "fields": {"name": "obstetrics and gynecology; Infertility care", "description": "obstetrics and gynecology; Infertility care", "status": false}}, {"model": "app.type", "pk": 15, "fields": {"name": "Obstetrics and Gynecology; Infertility care", "description": "Obstetrics and Gynecology; Infertility care", "status": false}}, {"model": "app.type", "pk": 17, "fields": {"name": "Neurology ", "description": "Neurology ", "status": false}}, {"model": "app.type", "pk": 18, "fields": {"name": "Obstetrics & Gynecology", "description": "Obstetrics & Gynecology", "status": false}}, {"model": "app.type", "pk": 19, "fields": {"name": "Ophthalmology(Eye Department)", "description": "Ophthalmology(Eye Department)", "status": false}}, {"model": "app.type", "pk": 20, "fields": {"name": "Pediatrics", "description": "Pediatrics", "status": false}}, {"model": "app.type", "pk": 21, "fields": {"name": "Radiology", "description": "Radiology", "status": false}}, {"model": "app.type", "pk": 22, "fields": {"name": "Dental(Qualification-MDS, Spl area: Maxillofacial surgery ", "description": "Dental(Qualification-MDS, Spl area: Maxillofacial surgery ", "status": false}}, {"model": "app.type", "pk": 23, "fields": {"name": "DNB Orthopedics", "description": "DNB Orthopedics", "status": false}}, {"model": "app.type", "pk": 24, "fields": {"name": "Urology,MS (Surgery)", "description": "Urology,MS (Surgery)", "status": false}}, {"model": "app.type", "pk": 25, "fields": {"name": "Ayurveda", "description": "Ayurveda", "status": true}}, {"model": "app.state", "pk": 1, "fields": {"name": "Odisha"}}, {"model": "app.city", "pk": 1, "fields": {"name": "Bhubaneswar", "state": 1}}, {"model": "app.area", "pk": 1, "fields": {"name": "Sailashreevihar", "city": 1}}, {"model": "app.area", "pk": 2, "fields": {"name": "Infocity", "city": 1}}, {"model": "app.area", "pk": 3, "fields": {"name": "Patia", "city": 1}}, {"model": "app.telecalldoctors", "pk": 1, "fields": {"name": "Dr. Binod Raulo", "phone": "9438041774", "type": 3, "education": null, "practicing_year": null, "designation": "Associate Professor", "hospital": "Institute of Medical Service and SUM Hospital", "registration_id": null, "available_from": null, "available_to": null, "direct_contact": false, "status": true, "address": "K8 - Kalinganagar, Bhubaneswar - 751003. Odisha ."}}, {"model": "app.telecalldoctors", "pk": 2, "fields": {"name": "Dr. Dillip Kumar Dash", "phone": "9437167337", "type": 4, "education": null, "practicing_year": null, "designation": "Professor", "hospital": "Institute of Medical Sciences and SUM Hospital", "registration_id": null, "available_from": null, "available_to": null, "direct_contact": false, "status": true, "address": "K8 - Kalinganagar, Bhubaneswar - 751003. Odisha ."}}, {"model": "app.telecalldoctors", "pk": 5, "fields": {"name": "Dr. Santosh Swain", "phone": "9556524887", "type": 7, "education": null, "practicing_year": null, "designation": "Professor", "hospital": "Institute of Medical Sciences & Sum Hospital", "registration_id": null, "available_from": null, "available_to": null, "direct_contact": false, "status": true, "address": "K8 - Kalinganagar, Bhubaneswar - 751003. Odisha ."}}, {"model": "app.telecalldoctors", "pk": 6, "fields": {"name": "Dr. Babita Panda", "phone": "7609950211", "type": 9, "education": null, "practicing_year": null, "designation": "MD & Consultant", "hospital": "Future Fertility Pvt Ltd", "registration_id": null, "available_from": null, "available_to": null, "direct_contact": true, "status": true, "address": "District Center - 118, Chandrasekharpur, Bhubaneswar (Odisha) ZIP: 751023"}}, {"model": "app.telecalldoctors", "pk": 7, "fields": {"name": "Dr Rabinarayan Nanda", "phone": "9438668822", "type": 10, "education": null, "practicing_year": null, "designation": "Senior Consultant", "hospital": "ESI Hospital", "registration_id": null, "available_from": null, "available_to": null, "direct_contact": false, "status": true, "address": "Near Hotel Mayfair, Nayapali, Bhubaneswar (Odisha)"}}, {"model": "app.telecalldoctors", "pk": 9, "fields": {"name": "Dr Padmalaya Thakur", "phone": "9861669625", "type": 18, "education": null, "practicing_year": null, "designation": "Assistant Professor", "hospital": "Institute of Medical Sciences and SUM Hospital", "registration_id": null, "available_from": "10:00", "available_to": "17:00", "direct_contact": false, "status": true, "address": "K8 - Kalinganagar, Bhubaneswar - 751003. Odisha ."}}, {"model": "app.telecalldoctors", "pk": 10, "fields": {"name": "Dr Loly Patnaik", "phone": "9337330773", "type": 19, "education": null, "practicing_year": null, "designation": "Professor", "hospital": "Institute of Medical Sciences and SUM Hospital", "registration_id": null, "available_from": "10:00", "available_to": "17:00", "direct_contact": false, "status": true, "address": "K8 - Kalinganagar, Bhubaneswar - 751003. Odisha ."}}, {"model": "app.telecalldoctors", "pk": 11, "fields": {"name": "Dr Pratik(MD)", "phone": "9668857413", "type": 20, "education": "MD-Pediatrics", "practicing_year": null, "designation": "Assistant Professor", "hospital": "Institute of Medical Service and SUM Hospital", "registration_id": null, "available_from": "10:00", "available_to": "19:00", "direct_contact": false, "status": true, "address": "K8 - Kalinganagar, Bhubaneswar - 751003. Odisha ."}}, {"model": "app.telecalldoctors", "pk": 12, "fields": {"name": "Dr Satyaswarup Jena", "phone": "9437909502", "type": 21, "education": null, "practicing_year": null, "designation": "Assistant Professor", "hospital": "Institute of Medical Service and SUM Hospital, Pro-life Diagnosticsl", "registration_id": null, "available_from": "10:00", "available_to": "16:00", "direct_contact": false, "status": true, "address": "K8 - Kalinganagar, Bhubaneswar - 751003. Odisha ."}}, {"model": "app.telecalldoctors", "pk": 13, "fields": {"name": "Dr Sthitaprajna lenka", "phone": "9337555777", "type": 22, "education": null, "practicing_year": null, "designation": "Professor", "hospital": "Ambika Dental clinic", "registration_id": null, "available_from": "10:00", "available_to": "17:00", "direct_contact": false, "status": true, "address": "Infront of kalinga stadium Gate no3, New AG colony, Reg No-341A"}}, {"model": "app.telecalldoctors", "pk": 14, "fields": {"name": "Dr Srikant Mishra", "phone": "7021995263", "type": 23, "education": null, "practicing_year": null, "designation": "Trauma & Arthroplasty surgeon", "hospital": "Kalinga Hospital Limited", "registration_id": null, "available_from": "10:00", "available_to": "17:00", "direct_contact": false, "status": true, "address": ""}}, {"model": "app.telecalldoctors", "pk": 15, "fields": {"name": "Dr Debabrata Sabat", "phone": "8895218886", "type": 24, "education": null, "practicing_year": null, "designation": "Associate professor", "hospital": "Institute of Medical Sciences and SUM Hospital", "registration_id": null, "available_from": "10:00", "available_to": "17:00", "direct_contact": false, "status": true, "address": "K8 - Kalinganagar, Bhubaneswar - 751003. Odisha ."}}, {"model": "app.telecalldoctors", "pk": 16, "fields": {"name": "Dr Subham Sri Sabat", "phone": "8599956734", "type": 25, "education": null, "practicing_year": null, "designation": "BAMS", "hospital": "Self Practice", "registration_id": null, "available_from": "10:00", "available_to": "17:00", "direct_contact": false, "status": true, "address": "B-2nd Floor, Sagardeep Apartments, Raghunathpur, Kolkata, West Bengal 700059"}}, {"model": "app.links", "pk": 2, "fields": {"title": "Rolling Updates on COVID-19", "url": "https://www.who.int/emergencies/diseases/novel-coronavirus-2019/events-as-they-happen"}}, {"model": "app.links", "pk": 3, "fields": {"title": "Statistics Of Corona Virus in India", "url": "https://www.mohfw.gov.in/"}}, {"model": "app.links", "pk": 4, "fields": {"title": "MCI(Medical Council of India)", "url": "https://www.mciindia.org/CMS/information-desk/for-medical-professional/mci-online"}}, {"model": "app.links", "pk": 5, "fields": {"title": "indian Council of Medical Research", "url": "https://www.icmr.gov.in/"}}, {"model": "app.links", "pk": 6, "fields": {"title": "PDOC is now recognized by Startup Odisha", "url": "https://www.pdochealth.com/static/page1.jpg"}}, {"model": "app.paramedics", "pk": 9, "fields": {"name": "Name", "qualifications": "qualifications", "phone": "phone number", "available_from": "available from", "available_to": "available to", "achievements": "achievements", "about": "about section about section about section about section about section about section about section about section about section about section about section about sectionabout section about sectionabout sectionabout sectionabout sectionabout sectionabout sectiona", "address": "address address address address address address address address address address address address address address addressaddressaddress addressaddress address address"}}, {"model": "app.paramedics", "pk": 13, "fields": {"name": "Anil Kumar Panigrahy", "qualifications": "Master of Physiotherapy", "phone": "9853858166", "available_from": "09:00", "available_to": "17:00", "achievements": "Sports Medicine,Gold Medalist", "about": "Excited to serve people at any condition", "address": "K8,K8/1086,Kalinga Nagar,Behind Sum Hospital,Ghatikia,Bhubaneswar-751003"}}, {"model": "app.healthfitnessadvisor", "pk": 9, "fields": {"designation": "Designation"}}, {"model": "app.physiotherapist", "pk": 13, "fields": {"designation": "MPT (Sports)", "organization": "Add life &Fitness Physiotherapy Centre"}}, {"model": "app.diagnostics", "pk": 2, "fields": {"name": "Rasmiranjan Pradhan", "phone": "9338818555", "address": "Saipatholab, (collection center for Curewell Diagnostics & Core Diagnostics) Syampur, Nuagaon Chhak, Near SUM Hospital Bhubaneswar", "collection": true}}, {"model": "app.others", "pk": 1, "fields": {"name": "terms", "value": "PDOC group encourages public to utilize the platform to address different health issues with special reference to Online appointment of doctors of different specializations,registered with us.We are also trying to update health information to an extent for awareness. For the time being at this pandemic situation we facilitate Telemedicine service (Appointment/consultation through telephone/Video call) which may be chargeable.free as per the conditions/specification of the physicians. We will try to help and promote each of the subjects concerned with utmost care to enhance the existing healthcare facility. However, beyond appointment and consultation, PDOC has no role to carry forward and hence not held responsible for the health consequences during the treatment procedure. Further,  the group must suggest accessing the severity of medical problem from both the ends before fixing a protocol for the patient.", "image": ""}}, {"model": "auth.permission", "pk": 1, "fields": {"name": "Can add log entry", "content_type": 1, "codename": "add_logentry"}}, {"model": "auth.permission", "pk": 2, "fields": {"name": "Can change log entry", "content_type": 1, "codename": "change_logentry"}}, {"model": "auth.permission", "pk": 3, "fields": {"name": "Can delete log entry", "content_type": 1, "codename": "delete_logentry"}}, {"model": "auth.permission", "pk": 4, "fields": {"name": "Can view log entry", "content_type": 1, "codename": "view_logentry"}}, {"model": "auth.permission", "pk": 5, "fields": {"name": "Can add permission", "content_type": 2, "codename": "add_permission"}}, {"model": "auth.permission", "pk": 6, "fields": {"name": "Can change permission", "content_type": 2, "codename": "change_permission"}}, {"model": "auth.permission", "pk": 7, "fields": {"name": "Can delete permission", "content_type": 2, "codename": "delete_permission"}}, {"model": "auth.permission", "pk": 8, "fields": {"name": "Can view permission", "content_type": 2, "codename": "view_permission"}}, {"model": "auth.permission", "pk": 9, "fields": {"name": "Can add group", "content_type": 3, "codename": "add_group"}}, {"model": "auth.permission", "pk": 10, "fields": {"name": "Can change group", "content_type": 3, "codename": "change_group"}}, {"model": "auth.permission", "pk": 11, "fields": {"name": "Can delete group", "content_type": 3, "codename": "delete_group"}}, {"model": "auth.permission", "pk": 12, "fields": {"name": "Can view group", "content_type": 3, "codename": "view_group"}}, {"model": "auth.permission", "pk": 13, "fields": {"name": "Can add user", "content_type": 4, "codename": "add_user"}}, {"model": "auth.permission", "pk": 14, "fields": {"name": "Can change user", "content_type": 4, "codename": "change_user"}}, {"model": "auth.permission", "pk": 15, "fields": {"name": "Can delete user", "content_type": 4, "codename": "delete_user"}}, {"model": "auth.permission", "pk": 16, "fields": {"name": "Can view user", "content_type": 4, "codename": "view_user"}}, {"model": "auth.permission", "pk": 17, "fields": {"name": "Can add content type", "content_type": 5, "codename": "add_contenttype"}}, {"model": "auth.permission", "pk": 18, "fields": {"name": "Can change content type", "content_type": 5, "codename": "change_contenttype"}}, {"model": "auth.permission", "pk": 19, "fields": {"name": "Can delete content type", "content_type": 5, "codename": "delete_contenttype"}}, {"model": "auth.permission", "pk": 20, "fields": {"name": "Can view content type", "content_type": 5, "codename": "view_contenttype"}}, {"model": "auth.permission", "pk": 21, "fields": {"name": "Can add session", "content_type": 6, "codename": "add_session"}}, {"model": "auth.permission", "pk": 22, "fields": {"name": "Can change session", "content_type": 6, "codename": "change_session"}}, {"model": "auth.permission", "pk": 23, "fields": {"name": "Can delete session", "content_type": 6, "codename": "delete_session"}}, {"model": "auth.permission", "pk": 24, "fields": {"name": "Can view session", "content_type": 6, "codename": "view_session"}}, {"model": "auth.permission", "pk": 25, "fields": {"name": "Can add city", "content_type": 7, "codename": "add_city"}}, {"model": "auth.permission", "pk": 26, "fields": {"name": "Can change city", "content_type": 7, "codename": "change_city"}}, {"model": "auth.permission", "pk": 27, "fields": {"name": "Can delete city", "content_type": 7, "codename": "delete_city"}}, {"model": "auth.permission", "pk": 28, "fields": {"name": "Can view city", "content_type": 7, "codename": "view_city"}}, {"model": "auth.permission", "pk": 29, "fields": {"name": "Can add state", "content_type": 8, "codename": "add_state"}}, {"model": "auth.permission", "pk": 30, "fields": {"name": "Can change state", "content_type": 8, "codename": "change_state"}}, {"model": "auth.permission", "pk": 31, "fields": {"name": "Can delete state", "content_type": 8, "codename": "delete_state"}}, {"model": "auth.permission", "pk": 32, "fields": {"name": "Can view state", "content_type": 8, "codename": "view_state"}}, {"model": "auth.permission", "pk": 33, "fields": {"name": "Can add type", "content_type": 9, "codename": "add_type"}}, {"model": "auth.permission", "pk": 34, "fields": {"name": "Can change type", "content_type": 9, "codename": "change_type"}}, {"model": "auth.permission", "pk": 35, "fields": {"name": "Can delete type", "content_type": 9, "codename": "delete_type"}}, {"model": "auth.permission", "pk": 36, "fields": {"name": "Can view type", "content_type": 9, "codename": "view_type"}}, {"model": "auth.permission", "pk": 37, "fields": {"name": "Can add user", "content_type": 10, "codename": "add_doctor"}}, {"model": "auth.permission", "pk": 38, "fields": {"name": "Can change user", "content_type": 10, "codename": "change_doctor"}}, {"model": "auth.permission", "pk": 39, "fields": {"name": "Can delete user", "content_type": 10, "codename": "delete_doctor"}}, {"model": "auth.permission", "pk": 40, "fields": {"name": "Can view user", "content_type": 10, "codename": "view_doctor"}}, {"model": "auth.permission", "pk": 41, "fields": {"name": "Can add area", "content_type": 11, "codename": "add_area"}}, {"model": "auth.permission", "pk": 42, "fields": {"name": "Can change area", "content_type": 11, "codename": "change_area"}}, {"model": "auth.permission", "pk": 43, "fields": {"name": "Can delete area", "content_type": 11, "codename": "delete_area"}}, {"model": "auth.permission", "pk": 44, "fields": {"name": "Can view area", "content_type": 11, "codename": "view_area"}}, {"model": "auth.permission", "pk": 45, "fields": {"name": "Can add tele call doctors", "content_type": 12, "codename": "add_telecalldoctors"}}, {"model": "auth.permission", "pk": 46, "fields": {"name": "Can change tele call doctors", "content_type": 12, "codename": "change_telecalldoctors"}}, {"model": "auth.permission", "pk": 47, "fields": {"name": "Can delete tele call doctors", "content_type": 12, "codename": "delete_telecalldoctors"}}, {"model": "auth.permission", "pk": 48, "fields": {"name": "Can view tele call doctors", "content_type": 12, "codename": "view_telecalldoctors"}}, {"model": "auth.permission", "pk": 49, "fields": {"name": "Can add links", "content_type": 13, "codename": "add_links"}}, {"model": "auth.permission", "pk": 50, "fields": {"name": "Can change links", "content_type": 13, "codename": "change_links"}}, {"model": "auth.permission", "pk": 51, "fields": {"name": "Can delete links", "content_type": 13, "codename": "delete_links"}}, {"model": "auth.permission", "pk": 52, "fields": {"name": "Can view links", "content_type": 13, "codename": "view_links"}}, {"model": "auth.permission", "pk": 53, "fields": {"name": "Can add customer", "content_type": 14, "codename": "add_customer"}}, {"model": "auth.permission", "pk": 54, "fields": {"name": "Can change customer", "content_type": 14, "codename": "change_customer"}}, {"model": "auth.permission", "pk": 55, "fields": {"name": "Can delete customer", "content_type": 14, "codename": "delete_customer"}}, {"model": "auth.permission", "pk": 56, "fields": {"name": "Can view customer", "content_type": 14, "codename": "view_customer"}}, {"model": "auth.permission", "pk": 57, "fields": {"name": "Can add diagnostics", "content_type": 15, "codename": "add_diagnostics"}}, {"model": "auth.permission", "pk": 58, "fields": {"name": "Can change diagnostics", "content_type": 15, "codename": "change_diagnostics"}}, {"model": "auth.permission", "pk": 59, "fields": {"name": "Can delete diagnostics", "content_type": 15, "codename": "delete_diagnostics"}}, {"model": "auth.permission", "pk": 60, "fields": {"name": "Can view diagnostics", "content_type": 15, "codename": "view_diagnostics"}}, {"model": "auth.permission", "pk": 61, "fields": {"name": "Can add drug house", "content_type": 16, "codename": "add_drughouse"}}, {"model": "auth.permission", "pk": 62, "fields": {"name": "Can change drug house", "content_type": 16, "codename": "change_drughouse"}}, {"model": "auth.permission", "pk": 63, "fields": {"name": "Can delete drug house", "content_type": 16, "codename": "delete_drughouse"}}, {"model": "auth.permission", "pk": 64, "fields": {"name": "Can view drug house", "content_type": 16, "codename": "view_drughouse"}}, {"model": "auth.permission", "pk": 65, "fields": {"name": "Can add paramedics", "content_type": 17, "codename": "add_paramedics"}}, {"model": "auth.permission", "pk": 66, "fields": {"name": "Can change paramedics", "content_type": 17, "codename": "change_paramedics"}}, {"model": "auth.permission", "pk": 67, "fields": {"name": "Can delete paramedics", "content_type": 17, "codename": "delete_paramedics"}}, {"model": "auth.permission", "pk": 68, "fields": {"name": "Can view paramedics", "content_type": 17, "codename": "view_paramedics"}}, {"model": "auth.permission", "pk": 69, "fields": {"name": "Can add physiotherapist", "content_type": 18, "codename": "add_physiotherapist"}}, {"model": "auth.permission", "pk": 70, "fields": {"name": "Can change physiotherapist", "content_type": 18, "codename": "change_physiotherapist"}}, {"model": "auth.permission", "pk": 71, "fields": {"name": "Can delete physiotherapist", "content_type": 18, "codename": "delete_physiotherapist"}}, {"model": "auth.permission", "pk": 72, "fields": {"name": "Can view physiotherapist", "content_type": 18, "codename": "view_physiotherapist"}}, {"model": "auth.permission", "pk": 73, "fields": {"name": "Can add yoga guru", "content_type": 19, "codename": "add_yogaguru"}}, {"model": "auth.permission", "pk": 74, "fields": {"name": "Can change yoga guru", "content_type": 19, "codename": "change_yogaguru"}}, {"model": "auth.permission", "pk": 75, "fields": {"name": "Can delete yoga guru", "content_type": 19, "codename": "delete_yogaguru"}}, {"model": "auth.permission", "pk": 76, "fields": {"name": "Can view yoga guru", "content_type": 19, "codename": "view_yogaguru"}}, {"model": "auth.permission", "pk": 77, "fields": {"name": "Can add clinical psychiatry", "content_type": 20, "codename": "add_clinicalpsychiatry"}}, {"model": "auth.permission", "pk": 78, "fields": {"name": "Can change clinical psychiatry", "content_type": 20, "codename": "change_clinicalpsychiatry"}}, {"model": "auth.permission", "pk": 79, "fields": {"name": "Can delete clinical psychiatry", "content_type": 20, "codename": "delete_clinicalpsychiatry"}}, {"model": "auth.permission", "pk": 80, "fields": {"name": "Can view clinical psychiatry", "content_type": 20, "codename": "view_clinicalpsychiatry"}}, {"model": "auth.permission", "pk": 81, "fields": {"name": "Can add health fitness advisor", "content_type": 21, "codename": "add_healthfitnessadvisor"}}, {"model": "auth.permission", "pk": 82, "fields": {"name": "Can change health fitness advisor", "content_type": 21, "codename": "change_healthfitnessadvisor"}}, {"model": "auth.permission", "pk": 83, "fields": {"name": "Can delete health fitness advisor", "content_type": 21, "codename": "delete_healthfitnessadvisor"}}, {"model": "auth.permission", "pk": 84, "fields": {"name": "Can view health fitness advisor", "content_type": 21, "codename": "view_healthfitnessadvisor"}}, {"model": "auth.permission", "pk": 85, "fields": {"name": "Can add others", "content_type": 22, "codename": "add_others"}}, {"model": "auth.permission", "pk": 86, "fields": {"name": "Can change others", "content_type": 22, "codename": "change_others"}}, {"model": "auth.permission", "pk": 87, "fields": {"name": "Can delete others", "content_type": 22, "codename": "delete_others"}}, {"model": "auth.permission", "pk": 88, "fields": {"name": "Can view others", "content_type": 22, "codename": "view_others"}}, {"model": "auth.user", "pk": 1, "fields": {"password": "pbkdf2_sha256$180000$2JBcoTJJKkx6$N9QyUaPen67BXbvynKDI4hUfcTWA6luldUsD3lH3NqI=", "last_login": "2020-05-31T15:49:54.768Z", "is_superuser": true, "username": "saswath", "first_name": "", "last_name": "", "email": "saswath@gmail.com", "is_staff": true, "is_active": true, "date_joined": "2020-03-09T07:56:00.962Z", "groups": [], "user_permissions": []}}, {"model": "auth.user", "pk": 5, "fields": {"password": "pbkdf2_sha256$180000$OiG0IUFyFjdC$9sL7SlGgNhxfmPv2jSpduOOo2hMVPKYG1jFj0CVOAJU=", "last_login": "2020-05-30T04:10:42.189Z", "is_superuser": true, "username": "krishna", "first_name": "", "last_name": "", "email": "krishna@pdochealth.com", "is_staff": true, "is_active": true, "date_joined": "2020-04-26T18:10:56.221Z", "groups": [], "user_permissions": []}}, {"model": "auth.user", "pk": 6, "fields": {"password": "pbkdf2_sha256$150000$OICt3MkdgbYL$iZ/8VxuiL+Eh2VHnSWyAx7l33DSN94jyeK/o2zDXlyg=", "last_login": "2020-04-29T01:31:39.984Z", "is_superuser": false, "username": "saswath@gmail.com", "first_name": "", "last_name": "", "email": "", "is_staff": false, "is_active": true, "date_joined": "2020-04-29T01:31:39.570Z", "groups": [], "user_permissions": []}}, {"model": "auth.user", "pk": 7, "fields": {"password": "pbkdf2_sha256$150000$QpTaRbqAelyD$eH5EorxCTOT9KSURNQCL9HUnd4ZSQxMqHuA5f91w1tA=", "last_login": "2020-04-29T01:37:56.491Z", "is_superuser": false, "username": "sas", "first_name": "", "last_name": "", "email": "", "is_staff": false, "is_active": true, "date_joined": "2020-04-29T01:37:56.135Z", "groups": [], "user_permissions": []}}, {"model": "auth.user", "pk": 8, "fields": {"password": "pbkdf2_sha256$180000$dKryF6QYTK3s$P+2aK1wYmTtVss+9ZY/nMSucuEsm1waDVzeFf04GOEw=", "last_login": "2020-05-01T14:47:37.319Z", "is_superuser": false, "username": "chidanandadash@gmail.com", "first_name": "", "last_name": "", "email": "", "is_staff": false, "is_active": true, "date_joined": "2020-05-01T14:47:37.008Z", "groups": [], "user_permissions": []}}, {"model": "auth.user", "pk": 9, "fields": {"password": "pbkdf2_sha256$180000$CivKSYMvKHrM$oxDWMEvPkQKjnG+s4lUS3zPdSjcfEIDfVGPpni0QebI=", "last_login": "2020-05-02T09:45:18.583Z", "is_superuser": false, "username": "ppdpiyush@gmail.com", "first_name": "", "last_name": "", "email": "", "is_staff": false, "is_active": true, "date_joined": "2020-05-02T09:45:18.294Z", "groups": [], "user_permissions": []}}, {"model": "auth.user", "pk": 10, "fields": {"password": "pbkdf2_sha256$180000$356KYHCCQdLl$f4Vy0wCgCCeCFTI1o+LF53SzaZRmPWWJDJFx8yq7v0w=", "last_login": "2020-05-30T03:25:16.793Z", "is_superuser": false, "username": "chidanandadsh@gmail.com", "first_name": "", "last_name": "", "email": "", "is_staff": false, "is_active": true, "date_joined": "2020-05-30T03:25:16.520Z", "groups": [], "user_permissions": []}}, {"model": "app.customer", "pk": 3, "fields": {"user_id": 8, "name": "Chidananda Dash", "phone": "9437187444", "query": "My mother has skin problem", "email": "saswath@gmail.com", "password": "password"}}, {"model": "app.customer", "pk": 4, "fields": {"user_id": 9, "name": "piyush das", "phone": "7008765628", "query": "corona", "email": "saswath@gmail.com", "password": "password"}}, {"model": "app.customer", "pk": 5, "fields": {"user_id": 10, "name": "CHIDANANDA DASH", "phone": "9437187444", "query": "Sneezing", "email": "saswath@gmail.com", "password": "password"}}, {"model": "admin.logentry", "pk": 1, "fields": {"action_time": "2020-03-09T07:57:35.597Z", "user": 1, "content_type": 8, "object_id": "1", "object_repr": "State object (1)", "action_flag": 1, "change_message": "[{\"added\": {}}]"}}, {"model": "admin.logentry", "pk": 2, "fields": {"action_time": "2020-03-09T07:57:49.543Z", "user": 1, "content_type": 7, "object_id": "1", "object_repr": "City object (1)", "action_flag": 1, "change_message": "[{\"added\": {}}]"}}, {"model": "admin.logentry", "pk": 3, "fields": {"action_time": "2020-03-09T07:58:03.765Z", "user": 1, "content_type": 11, "object_id": "1", "object_repr": "Area object (1)", "action_flag": 1, "change_message": "[{\"added\": {}}]"}}, {"model": "admin.logentry", "pk": 4, "fields": {"action_time": "2020-03-09T07:58:30.782Z", "user": 1, "content_type": 9, "object_id": "1", "object_repr": "Type object (1)", "action_flag": 1, "change_message": "[{\"added\": {}}]"}}, {"model": "admin.logentry", "pk": 5, "fields": {"action_time": "2020-03-09T08:02:01.039Z", "user": 1, "content_type": 10, "object_id": "2", "object_repr": "Doctor 1", "action_flag": 1, "change_message": "[{\"added\": {}}]"}}, {"model": "admin.logentry", "pk": 6, "fields": {"action_time": "2020-03-09T08:10:32.330Z", "user": 1, "content_type": 11, "object_id": "2", "object_repr": "Infocity", "action_flag": 1, "change_message": "[{\"added\": {}}]"}}, {"model": "admin.logentry", "pk": 7, "fields": {"action_time": "2020-03-09T08:12:56.455Z", "user": 1, "content_type": 10, "object_id": "3", "object_repr": "Doctor 2", "action_flag": 1, "change_message": "[{\"added\": {}}]"}}, {"model": "admin.logentry", "pk": 8, "fields": {"action_time": "2020-03-09T08:30:15.446Z", "user": 1, "content_type": 10, "object_id": "3", "object_repr": "Doctor 2", "action_flag": 2, "change_message": "[{\"changed\": {\"fields\": [\"Area\"]}}]"}}, {"model": "admin.logentry", "pk": 9, "fields": {"action_time": "2020-03-13T21:55:22.336Z", "user": 1, "content_type": 9, "object_id": "2", "object_repr": "Psychiatrist", "action_flag": 1, "change_message": "[{\"added\": {}}]"}}, {"model": "admin.logentry", "pk": 10, "fields": {"action_time": "2020-03-13T21:55:38.203Z", "user": 1, "content_type": 11, "object_id": "3", "object_repr": "Patia", "action_flag": 1, "change_message": "[{\"added\": {}}]"}}, {"model": "admin.logentry", "pk": 11, "fields": {"action_time": "2020-03-13T21:55:47.984Z", "user": 1, "content_type": 10, "object_id": "4", "object_repr": "Bibhu Patra", "action_flag": 1, "change_message": "[{\"added\": {}}]"}}, {"model": "admin.logentry", "pk": 12, "fields": {"action_time": "2020-04-24T09:05:46.858Z", "user": 1, "content_type": 12, "object_id": "1", "object_repr": "Saswath Mishra", "action_flag": 1, "change_message": "[{\"added\": {}}]"}}, {"model": "admin.logentry", "pk": 13, "fields": {"action_time": "2020-04-24T11:16:49.942Z", "user": 1, "content_type": 12, "object_id": "1", "object_repr": "Saswath Mishra", "action_flag": 2, "change_message": "[{\"changed\": {\"fields\": [\"designation\"]}}]"}}, {"model": "admin.logentry", "pk": 14, "fields": {"action_time": "2020-04-24T11:18:02.016Z", "user": 1, "content_type": 12, "object_id": "1", "object_repr": "Saswath Mishra", "action_flag": 3, "change_message": ""}}, {"model": "admin.logentry", "pk": 15, "fields": {"action_time": "2020-04-24T11:18:55.667Z", "user": 1, "content_type": 9, "object_id": "3", "object_repr": "Orthopedic", "action_flag": 1, "change_message": "[{\"added\": {}}]"}}, {"model": "admin.logentry", "pk": 16, "fields": {"action_time": "2020-04-24T11:22:28.831Z", "user": 1, "content_type": 12, "object_id": "1", "object_repr": "Dr. Binod Raula", "action_flag": 1, "change_message": "[{\"added\": {}}]"}}, {"model": "admin.logentry", "pk": 17, "fields": {"action_time": "2020-04-24T11:23:23.305Z", "user": 1, "content_type": 9, "object_id": "4", "object_repr": "Padeatric", "action_flag": 1, "change_message": "[{\"added\": {}}]"}}, {"model": "admin.logentry", "pk": 18, "fields": {"action_time": "2020-04-24T11:24:05.629Z", "user": 1, "content_type": 12, "object_id": "2", "object_repr": "Dr. Dilip Das", "action_flag": 1, "change_message": "[{\"added\": {}}]"}}, {"model": "admin.logentry", "pk": 19, "fields": {"action_time": "2020-04-24T11:28:53.081Z", "user": 1, "content_type": 9, "object_id": "2", "object_repr": "Psychiatrist", "action_flag": 3, "change_message": ""}}, {"model": "admin.logentry", "pk": 20, "fields": {"action_time": "2020-04-24T11:28:53.148Z", "user": 1, "content_type": 9, "object_id": "1", "object_repr": "General Medicine", "action_flag": 3, "change_message": ""}}, {"model": "admin.logentry", "pk": 21, "fields": {"action_time": "2020-04-26T13:59:02.854Z", "user": 1, "content_type": 12, "object_id": "3", "object_repr": "saswath", "action_flag": 3, "change_message": ""}}, {"model": "admin.logentry", "pk": 22, "fields": {"action_time": "2020-04-26T13:59:08.209Z", "user": 1, "content_type": 12, "object_id": "2", "object_repr": "Dr. Dilip Das", "action_flag": 2, "change_message": "[{\"changed\": {\"fields\": [\"status\"]}}]"}}, {"model": "admin.logentry", "pk": 23, "fields": {"action_time": "2020-04-26T13:59:12.425Z", "user": 1, "content_type": 12, "object_id": "1", "object_repr": "Dr. Binod Raula", "action_flag": 2, "change_message": "[{\"changed\": {\"fields\": [\"status\"]}}]"}}, {"model": "admin.logentry", "pk": 24, "fields": {"action_time": "2020-04-26T13:59:22.218Z", "user": 1, "content_type": 9, "object_id": "5", "object_repr": "test", "action_flag": 3, "change_message": ""}}, {"model": "admin.logentry", "pk": 25, "fields": {"action_time": "2020-04-26T13:59:35.267Z", "user": 1, "content_type": 9, "object_id": "4", "object_repr": "Padeatric", "action_flag": 2, "change_message": "[{\"changed\": {\"fields\": [\"status\"]}}]"}}, {"model": "admin.logentry", "pk": 26, "fields": {"action_time": "2020-04-26T13:59:45.351Z", "user": 1, "content_type": 9, "object_id": "3", "object_repr": "Orthopedic", "action_flag": 2, "change_message": "[{\"changed\": {\"fields\": [\"status\"]}}]"}}, {"model": "admin.logentry", "pk": 27, "fields": {"action_time": "2020-04-26T14:04:00.326Z", "user": 1, "content_type": 12, "object_id": "4", "object_repr": "test", "action_flag": 3, "change_message": ""}}, {"model": "admin.logentry", "pk": 28, "fields": {"action_time": "2020-04-26T14:04:11.019Z", "user": 1, "content_type": 9, "object_id": "6", "object_repr": "test", "action_flag": 3, "change_message": ""}}, {"model": "admin.logentry", "pk": 29, "fields": {"action_time": "2020-04-26T14:34:22.631Z", "user": 1, "content_type": 12, "object_id": "2", "object_repr": "Dr. Dilip Das", "action_flag": 2, "change_message": "[{\"changed\": {\"fields\": [\"direct_contact\"]}}]"}}, {"model": "admin.logentry", "pk": 30, "fields": {"action_time": "2020-04-26T14:41:59.846Z", "user": 1, "content_type": 12, "object_id": "1", "object_repr": "Dr. Binod Raula", "action_flag": 2, "change_message": "[{\"changed\": {\"fields\": [\"Direct contact\"]}}]"}}, {"model": "admin.logentry", "pk": 31, "fields": {"action_time": "2020-04-26T14:43:45.141Z", "user": 1, "content_type": 12, "object_id": "5", "object_repr": "Dr. Santosh Swain", "action_flag": 2, "change_message": "[{\"changed\": {\"fields\": [\"Status\"]}}]"}}, {"model": "admin.logentry", "pk": 32, "fields": {"action_time": "2020-04-26T14:44:06.960Z", "user": 1, "content_type": 9, "object_id": "7", "object_repr": "ENT", "action_flag": 2, "change_message": "[{\"changed\": {\"fields\": [\"Name\"]}}]"}}, {"model": "admin.logentry", "pk": 33, "fields": {"action_time": "2020-04-26T14:44:26.877Z", "user": 1, "content_type": 9, "object_id": "7", "object_repr": "ENT", "action_flag": 2, "change_message": "[{\"changed\": {\"fields\": [\"Status\"]}}]"}}, {"model": "admin.logentry", "pk": 34, "fields": {"action_time": "2020-04-26T14:46:51.158Z", "user": 1, "content_type": 12, "object_id": "5", "object_repr": "Dr. Santosh Swain", "action_flag": 2, "change_message": "[{\"changed\": {\"fields\": [\"Status\"]}}]"}}, {"model": "admin.logentry", "pk": 35, "fields": {"action_time": "2020-04-26T14:47:06.978Z", "user": 1, "content_type": 12, "object_id": "5", "object_repr": "Dr. Santosh Swain", "action_flag": 2, "change_message": "[{\"changed\": {\"fields\": [\"Direct contact\", \"Status\"]}}]"}}, {"model": "admin.logentry", "pk": 36, "fields": {"action_time": "2020-04-26T15:15:17.799Z", "user": 1, "content_type": 12, "object_id": "2", "object_repr": "Dr. Dilip Dash", "action_flag": 2, "change_message": "[{\"changed\": {\"fields\": [\"Name\"]}}]"}}, {"model": "admin.logentry", "pk": 37, "fields": {"action_time": "2020-04-26T17:17:47.033Z", "user": 1, "content_type": 12, "object_id": "2", "object_repr": "Dr. DillipKumar Dash", "action_flag": 2, "change_message": "[{\"changed\": {\"fields\": [\"Name\"]}}]"}}, {"model": "admin.logentry", "pk": 38, "fields": {"action_time": "2020-04-26T17:17:58.443Z", "user": 1, "content_type": 12, "object_id": "2", "object_repr": "Dr. Dillip Kumar Dash", "action_flag": 2, "change_message": "[{\"changed\": {\"fields\": [\"Name\"]}}]"}}, {"model": "admin.logentry", "pk": 39, "fields": {"action_time": "2020-04-26T17:19:29.025Z", "user": 1, "content_type": 9, "object_id": "9", "object_repr": "Infertility Specialist", "action_flag": 1, "change_message": "[{\"added\": {}}]"}}, {"model": "admin.logentry", "pk": 40, "fields": {"action_time": "2020-04-26T17:19:45.511Z", "user": 1, "content_type": 12, "object_id": "6", "object_repr": "Prof.(Dr) Babita Panda", "action_flag": 2, "change_message": "[{\"changed\": {\"fields\": [\"Type\", \"Hospital\", \"Status\"]}}]"}}, {"model": "admin.logentry", "pk": 41, "fields": {"action_time": "2020-04-26T17:22:41.360Z", "user": 1, "content_type": 12, "object_id": "6", "object_repr": "Dr. Babita Panda", "action_flag": 2, "change_message": "[{\"changed\": {\"fields\": [\"Name\"]}}]"}}, {"model": "admin.logentry", "pk": 42, "fields": {"action_time": "2020-04-26T17:23:11.656Z", "user": 1, "content_type": 12, "object_id": "6", "object_repr": "Dr. Babita Panda", "action_flag": 2, "change_message": "[{\"changed\": {\"fields\": [\"Direct contact\"]}}]"}}, {"model": "admin.logentry", "pk": 43, "fields": {"action_time": "2020-04-26T17:48:37.507Z", "user": 1, "content_type": 12, "object_id": "6", "object_repr": "Dr. Babita Panda", "action_flag": 2, "change_message": "[{\"changed\": {\"fields\": [\"hospital\", \"address\"]}}]"}}, {"model": "admin.logentry", "pk": 44, "fields": {"action_time": "2020-04-26T17:48:51.312Z", "user": 1, "content_type": 12, "object_id": "7", "object_repr": "Dr Rabinarayan Nanda", "action_flag": 2, "change_message": "[{\"changed\": {\"fields\": [\"hospital\", \"status\", \"address\"]}}]"}}, {"model": "admin.logentry", "pk": 45, "fields": {"action_time": "2020-04-26T17:50:29.858Z", "user": 1, "content_type": 12, "object_id": "1", "object_repr": "Dr. Binod Raula", "action_flag": 2, "change_message": "[{\"changed\": {\"fields\": [\"hospital\", \"address\"]}}]"}}, {"model": "admin.logentry", "pk": 46, "fields": {"action_time": "2020-04-26T17:50:55.938Z", "user": 1, "content_type": 12, "object_id": "2", "object_repr": "Dr. Dillip Kumar Dash", "action_flag": 2, "change_message": "[{\"changed\": {\"fields\": [\"hospital\", \"address\"]}}]"}}, {"model": "admin.logentry", "pk": 47, "fields": {"action_time": "2020-04-26T17:51:10.447Z", "user": 1, "content_type": 12, "object_id": "5", "object_repr": "Dr. Santosh Swain", "action_flag": 2, "change_message": "[{\"changed\": {\"fields\": [\"hospital\", \"address\"]}}]"}}, {"model": "admin.logentry", "pk": 48, "fields": {"action_time": "2020-04-26T17:52:14.675Z", "user": 1, "content_type": 12, "object_id": "7", "object_repr": "Dr Rabinarayan Nanda", "action_flag": 2, "change_message": "[]"}}, {"model": "admin.logentry", "pk": 49, "fields": {"action_time": "2020-04-26T18:04:46.117Z", "user": 1, "content_type": 12, "object_id": "8", "object_repr": "Test", "action_flag": 3, "change_message": ""}}, {"model": "admin.logentry", "pk": 50, "fields": {"action_time": "2020-04-26T18:08:15.625Z", "user": 1, "content_type": 9, "object_id": "10", "object_repr": "skin & vd", "action_flag": 2, "change_message": "[{\"changed\": {\"fields\": [\"status\"]}}]"}}, {"model": "admin.logentry", "pk": 51, "fields": {"action_time": "2020-04-26T18:17:07.112Z", "user": 5, "content_type": 12, "object_id": "2", "object_repr": "Dr. Dillip Kumar Dash", "action_flag": 2, "change_message": "[]"}}, {"model": "admin.logentry", "pk": 52, "fields": {"action_time": "2020-04-27T11:27:33.198Z", "user": 5, "content_type": 12, "object_id": "7", "object_repr": "Dr Rabinarayan Nanda", "action_flag": 2, "change_message": "[]"}}, {"model": "admin.logentry", "pk": 53, "fields": {"action_time": "2020-04-27T11:27:42.979Z", "user": 5, "content_type": 12, "object_id": "7", "object_repr": "Dr Rabinarayan Nanda", "action_flag": 2, "change_message": "[]"}}, {"model": "admin.logentry", "pk": 54, "fields": {"action_time": "2020-04-27T11:29:39.652Z", "user": 5, "content_type": 12, "object_id": "6", "object_repr": "Dr. Babita Panda", "action_flag": 2, "change_message": "[]"}}, {"model": "admin.logentry", "pk": 55, "fields": {"action_time": "2020-04-27T11:31:41.221Z", "user": 5, "content_type": 12, "object_id": "5", "object_repr": "Dr. Santosh Swain", "action_flag": 2, "change_message": "[]"}}, {"model": "admin.logentry", "pk": 56, "fields": {"action_time": "2020-04-27T11:32:41.251Z", "user": 5, "content_type": 12, "object_id": "2", "object_repr": "Dr. Dillip Kumar Dash", "action_flag": 2, "change_message": "[]"}}, {"model": "admin.logentry", "pk": 57, "fields": {"action_time": "2020-04-27T11:33:27.496Z", "user": 5, "content_type": 12, "object_id": "1", "object_repr": "Dr. Binod Raula", "action_flag": 2, "change_message": "[]"}}, {"model": "admin.logentry", "pk": 58, "fields": {"action_time": "2020-04-27T11:37:06.467Z", "user": 5, "content_type": 12, "object_id": "1", "object_repr": "Dr. Binod Raula", "action_flag": 2, "change_message": "[]"}}, {"model": "admin.logentry", "pk": 59, "fields": {"action_time": "2020-04-27T11:41:09.617Z", "user": 5, "content_type": 12, "object_id": "2", "object_repr": "Dr. Dillip Kumar Dash", "action_flag": 2, "change_message": "[]"}}, {"model": "admin.logentry", "pk": 60, "fields": {"action_time": "2020-04-27T11:42:10.516Z", "user": 5, "content_type": 12, "object_id": "5", "object_repr": "Dr. Santosh Swain", "action_flag": 2, "change_message": "[]"}}, {"model": "admin.logentry", "pk": 61, "fields": {"action_time": "2020-04-28T15:18:42.079Z", "user": 1, "content_type": 12, "object_id": "8", "object_repr": "Test", "action_flag": 3, "change_message": ""}}, {"model": "admin.logentry", "pk": 62, "fields": {"action_time": "2020-04-28T15:18:56.632Z", "user": 1, "content_type": 9, "object_id": "12", "object_repr": "Test", "action_flag": 3, "change_message": ""}}, {"model": "admin.logentry", "pk": 63, "fields": {"action_time": "2020-04-28T15:18:56.724Z", "user": 1, "content_type": 9, "object_id": "11", "object_repr": "test", "action_flag": 3, "change_message": ""}}, {"model": "admin.logentry", "pk": 64, "fields": {"action_time": "2020-04-28T15:18:56.813Z", "user": 1, "content_type": 9, "object_id": "8", "object_repr": "", "action_flag": 3, "change_message": ""}}, {"model": "admin.logentry", "pk": 65, "fields": {"action_time": "2020-04-28T15:21:55.905Z", "user": 1, "content_type": 9, "object_id": "13", "object_repr": "test", "action_flag": 3, "change_message": ""}}, {"model": "admin.logentry", "pk": 66, "fields": {"action_time": "2020-04-28T15:27:24.326Z", "user": 1, "content_type": 13, "object_id": "1", "object_repr": "Test", "action_flag": 1, "change_message": "[{\"added\": {}}]"}}, {"model": "admin.logentry", "pk": 67, "fields": {"action_time": "2020-04-28T15:28:14.311Z", "user": 1, "content_type": 13, "object_id": "1", "object_repr": "Test", "action_flag": 2, "change_message": "[{\"changed\": {\"fields\": [\"url\"]}}]"}}, {"model": "admin.logentry", "pk": 68, "fields": {"action_time": "2020-04-28T15:28:52.012Z", "user": 1, "content_type": 13, "object_id": "1", "object_repr": "Test", "action_flag": 3, "change_message": ""}}, {"model": "admin.logentry", "pk": 69, "fields": {"action_time": "2020-04-28T15:29:59.833Z", "user": 1, "content_type": 13, "object_id": "2", "object_repr": "Rolling Updates on COVID-19", "action_flag": 1, "change_message": "[{\"added\": {}}]"}}, {"model": "admin.logentry", "pk": 70, "fields": {"action_time": "2020-04-28T15:30:49.327Z", "user": 1, "content_type": 13, "object_id": "3", "object_repr": "Statistics Of Corona Virus in India", "action_flag": 1, "change_message": "[{\"added\": {}}]"}}, {"model": "admin.logentry", "pk": 71, "fields": {"action_time": "2020-04-29T01:39:54.095Z", "user": 1, "content_type": 14, "object_id": "2", "object_repr": "saswath", "action_flag": 3, "change_message": ""}}, {"model": "admin.logentry", "pk": 72, "fields": {"action_time": "2020-04-29T01:39:54.201Z", "user": 1, "content_type": 14, "object_id": "1", "object_repr": "Saswath Mishra", "action_flag": 3, "change_message": ""}}, {"model": "admin.logentry", "pk": 73, "fields": {"action_time": "2020-04-29T15:02:07.709Z", "user": 5, "content_type": 12, "object_id": "1", "object_repr": "Dr. Binod Raulo", "action_flag": 2, "change_message": "[{\"changed\": {\"fields\": [\"Name\"]}}]"}}, {"model": "admin.logentry", "pk": 74, "fields": {"action_time": "2020-04-30T09:46:37.374Z", "user": 1, "content_type": 20, "object_id": "1", "object_repr": "test", "action_flag": 3, "change_message": ""}}, {"model": "admin.logentry", "pk": 75, "fields": {"action_time": "2020-04-30T09:49:42.388Z", "user": 1, "content_type": 20, "object_id": "2", "object_repr": "test", "action_flag": 3, "change_message": ""}}, {"model": "admin.logentry", "pk": 76, "fields": {"action_time": "2020-04-30T09:50:07.551Z", "user": 1, "content_type": 20, "object_id": "3", "object_repr": "test", "action_flag": 3, "change_message": ""}}, {"model": "admin.logentry", "pk": 77, "fields": {"action_time": "2020-04-30T09:53:54.223Z", "user": 1, "content_type": 18, "object_id": "4", "object_repr": "test", "action_flag": 3, "change_message": ""}}, {"model": "admin.logentry", "pk": 78, "fields": {"action_time": "2020-04-30T09:56:42.553Z", "user": 1, "content_type": 21, "object_id": "5", "object_repr": "test", "action_flag": 3, "change_message": ""}}, {"model": "admin.logentry", "pk": 79, "fields": {"action_time": "2020-04-30T10:01:38.412Z", "user": 1, "content_type": 19, "object_id": "6", "object_repr": "test", "action_flag": 3, "change_message": ""}}, {"model": "admin.logentry", "pk": 80, "fields": {"action_time": "2020-04-30T10:02:41.457Z", "user": 1, "content_type": 19, "object_id": "7", "object_repr": "test", "action_flag": 3, "change_message": ""}}, {"model": "admin.logentry", "pk": 81, "fields": {"action_time": "2020-04-30T10:03:03.883Z", "user": 1, "content_type": 19, "object_id": "8", "object_repr": "test", "action_flag": 3, "change_message": ""}}, {"model": "admin.logentry", "pk": 82, "fields": {"action_time": "2020-04-30T10:07:41.105Z", "user": 1, "content_type": 16, "object_id": "1", "object_repr": "DrugHouse object (1)", "action_flag": 3, "change_message": ""}}, {"model": "admin.logentry", "pk": 83, "fields": {"action_time": "2020-04-30T10:55:54.744Z", "user": 1, "content_type": 15, "object_id": "1", "object_repr": "test", "action_flag": 3, "change_message": ""}}, {"model": "admin.logentry", "pk": 84, "fields": {"action_time": "2020-04-30T12:55:31.572Z", "user": 1, "content_type": 22, "object_id": "1", "object_repr": "terms", "action_flag": 1, "change_message": "[{\"added\": {}}]"}}, {"model": "admin.logentry", "pk": 85, "fields": {"action_time": "2020-04-30T12:59:32.600Z", "user": 1, "content_type": 9, "object_id": "3", "object_repr": "Orthopedics", "action_flag": 2, "change_message": "[{\"changed\": {\"fields\": [\"name\", \"description\"]}}]"}}, {"model": "admin.logentry", "pk": 86, "fields": {"action_time": "2020-04-30T12:59:38.519Z", "user": 1, "content_type": 9, "object_id": "4", "object_repr": "Padeatrics", "action_flag": 2, "change_message": "[{\"changed\": {\"fields\": [\"name\", \"description\"]}}]"}}, {"model": "admin.logentry", "pk": 87, "fields": {"action_time": "2020-05-01T14:53:50.862Z", "user": 5, "content_type": 13, "object_id": "4", "object_repr": "MCI(Medical Council of India)", "action_flag": 1, "change_message": "[{\"added\": {}}]"}}, {"model": "admin.logentry", "pk": 88, "fields": {"action_time": "2020-05-01T14:55:12.782Z", "user": 5, "content_type": 13, "object_id": "5", "object_repr": "indian Council of Medical Research", "action_flag": 1, "change_message": "[{\"added\": {}}]"}}, {"model": "admin.logentry", "pk": 89, "fields": {"action_time": "2020-05-08T11:32:55.676Z", "user": 5, "content_type": 15, "object_id": "2", "object_repr": "Rasmiranjan Pradhan", "action_flag": 2, "change_message": "[{\"changed\": {\"fields\": [\"Name\"]}}]"}}, {"model": "admin.logentry", "pk": 90, "fields": {"action_time": "2020-05-08T11:33:06.106Z", "user": 5, "content_type": 15, "object_id": "2", "object_repr": "Rasmiranjan Pradhan", "action_flag": 2, "change_message": "[]"}}, {"model": "admin.logentry", "pk": 91, "fields": {"action_time": "2020-05-09T09:37:37.377Z", "user": 1, "content_type": 12, "object_id": "8", "object_repr": "test", "action_flag": 3, "change_message": ""}}, {"model": "admin.logentry", "pk": 92, "fields": {"action_time": "2020-05-09T09:37:53.128Z", "user": 1, "content_type": 9, "object_id": "16", "object_repr": "test", "action_flag": 3, "change_message": ""}}, {"model": "admin.logentry", "pk": 93, "fields": {"action_time": "2020-05-09T15:27:42.974Z", "user": 5, "content_type": 15, "object_id": "2", "object_repr": "Rasmiranjan Pradhan", "action_flag": 2, "change_message": "[]"}}, {"model": "admin.logentry", "pk": 94, "fields": {"action_time": "2020-05-09T15:35:55.814Z", "user": 5, "content_type": 15, "object_id": "2", "object_repr": "Rasmiranjan Pradhan", "action_flag": 2, "change_message": "[]"}}, {"model": "admin.logentry", "pk": 95, "fields": {"action_time": "2020-05-09T15:36:03.076Z", "user": 5, "content_type": 15, "object_id": "2", "object_repr": "Rasmiranjan Pradhan", "action_flag": 2, "change_message": "[]"}}, {"model": "admin.logentry", "pk": 96, "fields": {"action_time": "2020-05-09T15:37:02.120Z", "user": 5, "content_type": 12, "object_id": "9", "object_repr": "Dr Padmalaya Thakur", "action_flag": 2, "change_message": "[{\"changed\": {\"fields\": [\"Status\", \"Address\"]}}]"}}, {"model": "admin.logentry", "pk": 97, "fields": {"action_time": "2020-05-09T15:41:58.141Z", "user": 5, "content_type": 12, "object_id": "10", "object_repr": "Dr Loly Patnaik", "action_flag": 2, "change_message": "[{\"changed\": {\"fields\": [\"Status\", \"Address\"]}}]"}}, {"model": "admin.logentry", "pk": 98, "fields": {"action_time": "2020-05-10T08:47:52.347Z", "user": 1, "content_type": 15, "object_id": "2", "object_repr": "Rasmiranjan Pradhan", "action_flag": 2, "change_message": "[]"}}, {"model": "admin.logentry", "pk": 99, "fields": {"action_time": "2020-05-10T08:50:17.842Z", "user": 1, "content_type": 15, "object_id": "3", "object_repr": "test", "action_flag": 3, "change_message": ""}}, {"model": "admin.logentry", "pk": 100, "fields": {"action_time": "2020-05-10T08:51:36.949Z", "user": 1, "content_type": 21, "object_id": "9", "object_repr": "Name", "action_flag": 1, "change_message": "[{\"added\": {}}]"}}, {"model": "admin.logentry", "pk": 101, "fields": {"action_time": "2020-05-10T08:56:38.654Z", "user": 1, "content_type": 21, "object_id": "9", "object_repr": "Name", "action_flag": 2, "change_message": "[{\"changed\": {\"fields\": [\"qualifications\"]}}]"}}, {"model": "admin.logentry", "pk": 102, "fields": {"action_time": "2020-05-10T08:59:36.175Z", "user": 1, "content_type": 19, "object_id": "10", "object_repr": "Name", "action_flag": 1, "change_message": "[{\"added\": {}}]"}}, {"model": "admin.logentry", "pk": 103, "fields": {"action_time": "2020-05-10T09:02:27.487Z", "user": 1, "content_type": 18, "object_id": "11", "object_repr": "Name", "action_flag": 1, "change_message": "[{\"added\": {}}]"}}, {"model": "admin.logentry", "pk": 104, "fields": {"action_time": "2020-05-10T09:05:05.461Z", "user": 1, "content_type": 20, "object_id": "12", "object_repr": "Name", "action_flag": 1, "change_message": "[{\"added\": {}}]"}}, {"model": "admin.logentry", "pk": 105, "fields": {"action_time": "2020-05-10T09:07:07.361Z", "user": 1, "content_type": 16, "object_id": "2", "object_repr": "Name", "action_flag": 1, "change_message": "[{\"added\": {}}]"}}, {"model": "admin.logentry", "pk": 106, "fields": {"action_time": "2020-05-10T09:13:24.873Z", "user": 1, "content_type": 20, "object_id": "12", "object_repr": "Name", "action_flag": 3, "change_message": ""}}, {"model": "admin.logentry", "pk": 107, "fields": {"action_time": "2020-05-10T09:13:41.592Z", "user": 1, "content_type": 16, "object_id": "2", "object_repr": "Name", "action_flag": 3, "change_message": ""}}, {"model": "admin.logentry", "pk": 108, "fields": {"action_time": "2020-05-10T09:13:51.119Z", "user": 1, "content_type": 18, "object_id": "11", "object_repr": "Name", "action_flag": 3, "change_message": ""}}, {"model": "admin.logentry", "pk": 109, "fields": {"action_time": "2020-05-10T09:14:00.012Z", "user": 1, "content_type": 19, "object_id": "10", "object_repr": "Name", "action_flag": 3, "change_message": ""}}, {"model": "admin.logentry", "pk": 110, "fields": {"action_time": "2020-05-12T16:17:10.002Z", "user": 5, "content_type": 12, "object_id": "11", "object_repr": "Dr Pratik(MD)", "action_flag": 2, "change_message": "[{\"changed\": {\"fields\": [\"Education\", \"Hospital\", \"Status\"]}}]"}}, {"model": "admin.logentry", "pk": 111, "fields": {"action_time": "2020-05-12T16:20:47.608Z", "user": 5, "content_type": 18, "object_id": "13", "object_repr": "Anil Kumar Panigrahy", "action_flag": 2, "change_message": "[]"}}, {"model": "admin.logentry", "pk": 112, "fields": {"action_time": "2020-05-13T10:48:53.507Z", "user": 5, "content_type": 9, "object_id": "4", "object_repr": "Pediatrics", "action_flag": 2, "change_message": "[{\"changed\": {\"fields\": [\"Name\", \"Description\"]}}]"}}, {"model": "admin.logentry", "pk": 113, "fields": {"action_time": "2020-05-13T10:49:08.092Z", "user": 5, "content_type": 12, "object_id": "2", "object_repr": "Dr. Dillip Kumar Dash", "action_flag": 2, "change_message": "[]"}}, {"model": "admin.logentry", "pk": 114, "fields": {"action_time": "2020-05-15T07:08:09.718Z", "user": 5, "content_type": 12, "object_id": "12", "object_repr": "Dr Satyaswarup Jena", "action_flag": 2, "change_message": "[{\"changed\": {\"fields\": [\"Hospital\", \"Status\"]}}]"}}, {"model": "admin.logentry", "pk": 115, "fields": {"action_time": "2020-05-15T07:17:38.673Z", "user": 5, "content_type": 12, "object_id": "13", "object_repr": "Dr Sthitaprajna lenka", "action_flag": 2, "change_message": "[{\"changed\": {\"fields\": [\"Phone\", \"Status\"]}}]"}}, {"model": "admin.logentry", "pk": 116, "fields": {"action_time": "2020-05-15T07:24:03.558Z", "user": 5, "content_type": 12, "object_id": "14", "object_repr": "Dr Srikant Mishra", "action_flag": 2, "change_message": "[{\"changed\": {\"fields\": [\"Designation\", \"Status\"]}}]"}}, {"model": "admin.logentry", "pk": 117, "fields": {"action_time": "2020-05-18T08:45:35.523Z", "user": 5, "content_type": 12, "object_id": "15", "object_repr": "Dr Debabrata Sabat", "action_flag": 2, "change_message": "[{\"changed\": {\"fields\": [\"Hospital\", \"Status\"]}}]"}}, {"model": "admin.logentry", "pk": 118, "fields": {"action_time": "2020-05-22T12:17:55.227Z", "user": 5, "content_type": 12, "object_id": "16", "object_repr": "Dr Subham Sri Sabat", "action_flag": 2, "change_message": "[{\"changed\": {\"fields\": [\"Status\", \"Address\"]}}]"}}, {"model": "admin.logentry", "pk": 119, "fields": {"action_time": "2020-05-22T18:27:04.696Z", "user": 5, "content_type": 9, "object_id": "25", "object_repr": "Ayurveda", "action_flag": 2, "change_message": "[{\"changed\": {\"fields\": [\"Name\", \"Description\", \"Status\"]}}]"}}, {"model": "admin.logentry", "pk": 120, "fields": {"action_time": "2020-05-25T06:26:42.085Z", "user": 1, "content_type": 16, "object_id": "3", "object_repr": "test", "action_flag": 3, "change_message": ""}}, {"model": "admin.logentry", "pk": 121, "fields": {"action_time": "2020-05-31T15:53:43.310Z", "user": 1, "content_type": 13, "object_id": "6", "object_repr": "PDOC is now recognized by Startup Odisha", "action_flag": 1, "change_message": "[{\"added\": {}}]"}}]